datetime,temp,hum,percp,wspeed
2023-04-25 00:00:00,8.4,91.0,0.0,7.4
2023-04-25 01:00:00,7.5,91.0,0.0,8.0
2023-04-25 02:00:00,5.3,98.0,0.0,8.7
2023-04-25 03:00:00,4.1,98.0,0.0,9.1
2023-04-25 04:00:00,3.2,98.0,0.0,9.6
2023-04-25 05:00:00,3.9,99.0,0.0,9.3
2023-04-25 06:00:00,9.2,89.0,0.0,7.3
2023-04-25 07:00:00,11.2,86.0,0.0,4.7
2023-04-25 08:00:00,13.2,56.0,0.0,4.7
2023-04-25 09:00:00,14.2,48.0,0.1,4.8
2023-04-25 10:00:00,14.6,47.0,0.0,2.3
2023-04-25 11:00:00,15.4,46.0,0.1,0.5
2023-04-25 12:00:00,16.0,45.0,0.0,1.8
2023-04-25 13:00:00,15.8,46.0,0.0,1.8
2023-04-25 14:00:00,15.1,51.0,0.4,4.3
2023-04-25 15:00:00,14.0,58.0,0.8,4.5
2023-04-25 16:00:00,13.0,63.0,0.0,1.5
2023-04-25 17:00:00,12.7,66.0,0.0,7.4
2023-04-25 18:00:00,12.1,68.0,0.0,9.8
2023-04-25 19:00:00,10.8,72.0,0.1,7.3
2023-04-25 20:00:00,10.3,70.0,0.0,7.3
2023-04-25 21:00:00,9.6,70.0,0.1,9.7
2023-04-25 22:00:00,9.0,70.0,0.0,5.1
2023-04-25 23:00:00,8.5,69.0,0.0,5.9
2023-04-26 00:00:00,7.9,69.0,0.0,6.3
2023-04-26 01:00:00,7.3,71.0,0.0,7.7
2023-04-26 02:00:00,6.8,72.0,0.0,8.2
2023-04-26 03:00:00,6.3,74.0,0.0,7.2
2023-04-26 04:00:00,5.3,81.0,0.0,8.3
2023-04-26 05:00:00,5.6,83.0,0.0,8.1
2023-04-26 06:00:00,8.6,75.0,0.0,8.4
2023-04-26 07:00:00,9.7,68.0,0.0,11.5
2023-04-26 08:00:00,10.5,64.0,0.0,10.7
2023-04-26 09:00:00,11.1,65.0,0.1,10.6
2023-04-26 10:00:00,11.8,63.0,0.0,4.1
2023-04-26 11:00:00,12.6,60.0,0.1,2.2
2023-04-26 12:00:00,12.8,57.0,0.0,3.6
2023-04-26 13:00:00,12.8,54.0,0.0,5.1
2023-04-26 14:00:00,12.9,53.0,0.0,4.4
2023-04-26 15:00:00,12.5,56.0,0.0,4.6
2023-04-26 16:00:00,11.8,61.0,0.0,5.4
2023-04-26 17:00:00,11.1,67.0,0.1,4.7
2023-04-26 18:00:00,10.2,81.0,0.1,5.4
2023-04-26 19:00:00,8.7,81.0,0.0,5.1
2023-04-26 20:00:00,8.3,79.0,0.0,5.6
2023-04-26 21:00:00,8.1,78.0,0.0,5.2
2023-04-26 22:00:00,7.9,76.0,0.0,6.3
2023-04-26 23:00:00,7.9,74.0,0.0,5.8
2023-04-27 00:00:00,7.3,76.0,0.0,6.8
2023-04-27 01:00:00,7.1,74.0,0.0,6.0
2023-04-27 02:00:00,7.5,69.0,0.0,4.1
2023-04-27 03:00:00,7.1,71.0,0.0,3.0
2023-04-27 04:00:00,6.1,76.0,0.0,3.1
2023-04-27 05:00:00,5.2,84.0,0.0,3.1
2023-04-27 06:00:00,8.0,76.0,0.0,2.6
2023-04-27 07:00:00,9.2,66.0,0.0,3.1
2023-04-27 08:00:00,10.3,62.0,0.0,4.1
2023-04-27 09:00:00,11.6,59.0,0.0,4.2
2023-04-27 10:00:00,12.9,55.0,0.0,3.7
2023-04-27 11:00:00,13.6,53.0,0.0,3.2
2023-04-27 12:00:00,13.7,52.0,0.0,1.9
2023-04-27 13:00:00,14.1,50.0,0.0,1.9
2023-04-27 14:00:00,13.8,54.0,0.1,1.4
2023-04-27 15:00:00,13.8,55.0,0.0,3.3
2023-04-27 16:00:00,13.2,58.0,0.0,4.5
2023-04-27 17:00:00,12.7,62.0,0.0,6.2
2023-04-27 18:00:00,12.1,68.0,0.0,6.5
2023-04-27 19:00:00,11.9,65.0,0.0,8.9
2023-04-27 20:00:00,10.8,71.0,0.0,9.9
2023-04-27 21:00:00,9.8,76.0,0.0,8.5
2023-04-27 22:00:00,9.5,76.0,0.0,4.8
2023-04-27 23:00:00,9.3,77.0,0.0,5.5
2023-04-28 00:00:00,9.0,79.0,0.0,5.9
2023-04-28 01:00:00,8.9,77.0,0.0,6.9
2023-04-28 02:00:00,8.6,76.0,0.0,6.4
2023-04-28 03:00:00,7.9,79.0,0.0,5.2
2023-04-28 04:00:00,7.2,83.0,0.0,5.6
2023-04-28 05:00:00,7.6,84.0,0.0,7.0
2023-04-28 06:00:00,9.5,76.0,0.0,8.0
2023-04-28 07:00:00,11.3,71.0,0.0,9.5
2023-04-28 08:00:00,13.2,64.0,0.0,12.3
2023-04-28 09:00:00,14.7,60.0,0.0,14.0
2023-04-28 10:00:00,16.1,56.0,0.0,11.0
2023-04-28 11:00:00,17.3,50.0,0.0,12.8
2023-04-28 12:00:00,17.6,48.0,0.0,13.7
2023-04-28 13:00:00,17.1,51.0,0.0,13.5
2023-04-28 14:00:00,16.5,56.0,0.0,9.9
2023-04-28 15:00:00,15.8,60.0,0.0,10.9
2023-04-28 16:00:00,15.3,63.0,0.0,13.0
2023-04-28 17:00:00,14.5,69.0,0.0,11.4
2023-04-28 18:00:00,13.7,72.0,0.0,10.0
2023-04-28 19:00:00,12.7,70.0,0.0,10.2
2023-04-28 20:00:00,11.8,72.0,0.0,9.7
2023-04-28 21:00:00,11.3,75.0,0.0,10.2
2023-04-28 22:00:00,11.0,75.0,0.0,9.2
2023-04-28 23:00:00,10.6,77.0,0.0,7.3
2023-04-29 00:00:00,10.0,80.0,0.0,6.9
2023-04-29 01:00:00,9.5,82.0,0.0,5.4
2023-04-29 02:00:00,9.1,84.0,0.0,4.9
2023-04-29 03:00:00,8.5,87.0,0.0,5.4
2023-04-29 04:00:00,8.1,88.0,0.0,4.7
2023-04-29 05:00:00,8.4,89.0,0.0,5.2
2023-04-29 06:00:00,10.3,86.0,0.0,3.7
2023-04-29 07:00:00,13.8,75.0,0.0,2.2
2023-04-29 08:00:00,15.5,67.0,0.0,0.8
2023-04-29 09:00:00,17.0,62.0,0.0,1.6
2023-04-29 10:00:00,18.2,59.0,0.0,4.3
2023-04-29 11:00:00,19.1,57.0,0.0,3.9
2023-04-29 12:00:00,20.0,54.0,0.0,2.9
2023-04-29 13:00:00,20.4,52.0,0.0,3.6
2023-04-29 14:00:00,20.3,53.0,0.0,8.0
2023-04-29 15:00:00,19.0,59.0,0.4,6.1
2023-04-29 16:00:00,17.5,73.0,0.3,4.3
2023-04-29 17:00:00,16.5,82.0,0.6,2.7
2023-04-29 18:00:00,15.2,86.0,0.9,1.5
2023-04-29 19:00:00,14.2,84.0,0.2,2.3
2023-04-29 20:00:00,12.6,90.0,0.0,6.1
2023-04-29 21:00:00,11.3,94.0,0.0,5.4
2023-04-29 22:00:00,8.8,99.0,0.1,5.1
2023-04-29 23:00:00,8.2,99.0,0.0,5.5
2023-04-30 00:00:00,8.5,98.0,0.0,4.8
2023-04-30 01:00:00,7.1,100.0,0.0,5.0
2023-04-30 02:00:00,6.9,99.0,0.0,5.2
2023-04-30 03:00:00,7.0,99.0,0.0,6.9
2023-04-30 04:00:00,6.7,99.0,0.0,7.6
2023-04-30 05:00:00,7.7,99.0,0.0,9.8
2023-04-30 06:00:00,11.7,87.0,0.0,10.3
2023-04-30 07:00:00,13.2,76.0,0.0,14.0
2023-04-30 08:00:00,14.1,66.0,0.0,15.9
2023-04-30 09:00:00,15.1,60.0,0.0,17.6
2023-04-30 10:00:00,15.9,55.0,0.0,13.6
2023-04-30 11:00:00,16.4,52.0,0.0,13.4
2023-04-30 12:00:00,16.9,48.0,0.0,14.7
2023-04-30 13:00:00,17.3,46.0,0.0,14.1
2023-04-30 14:00:00,17.6,44.0,0.0,14.3
2023-04-30 15:00:00,17.1,44.0,0.0,15.0
2023-04-30 16:00:00,16.5,46.0,0.0,14.9
2023-04-30 17:00:00,15.3,52.0,0.0,13.0
2023-04-30 18:00:00,13.8,57.0,0.0,11.2
2023-04-30 19:00:00,12.8,66.0,0.0,8.2
2023-04-30 20:00:00,11.5,75.0,0.0,5.3
2023-04-30 21:00:00,12.2,65.0,0.0,5.8
2023-04-30 22:00:00,10.2,76.0,0.0,5.4
2023-04-30 23:00:00,9.1,81.0,0.0,5.8
2023-05-01 00:00:00,8.9,80.0,0.0,6.5
2023-05-01 01:00:00,8.9,81.0,0.0,6.2
2023-05-01 02:00:00,8.6,82.0,0.0,6.6
2023-05-01 03:00:00,8.6,83.0,0.0,6.7
2023-05-01 04:00:00,8.6,83.0,0.0,6.5
2023-05-01 05:00:00,9.4,82.0,0.0,6.6
2023-05-01 06:00:00,11.0,72.0,0.0,6.0
2023-05-01 07:00:00,11.8,70.0,0.0,6.8
2023-05-01 08:00:00,12.6,70.0,0.0,6.9
2023-05-01 09:00:00,14.1,67.0,0.0,6.9
2023-05-01 10:00:00,15.6,63.0,0.0,6.5
2023-05-01 11:00:00,16.8,55.0,0.0,10.5
2023-05-01 12:00:00,17.1,54.0,0.1,10.0
2023-05-01 13:00:00,17.2,55.0,0.0,9.2
2023-05-01 14:00:00,17.3,55.0,0.0,9.7
2023-05-01 15:00:00,17.3,55.0,0.0,9.2
2023-05-01 16:00:00,17.1,58.0,0.0,8.2
2023-05-01 17:00:00,16.5,65.0,0.0,4.1
2023-05-01 18:00:00,15.1,77.0,0.0,4.3
2023-05-01 19:00:00,16.2,60.0,0.0,3.2
2023-05-01 20:00:00,15.7,62.0,0.0,4.1
2023-05-01 21:00:00,14.2,70.0,0.0,5.1
2023-05-01 22:00:00,12.3,80.0,0.0,4.8
2023-05-01 23:00:00,11.8,82.0,0.0,5.4
2023-05-02 00:00:00,11.1,85.0,0.0,5.4
2023-05-02 01:00:00,10.9,85.0,0.0,6.6
2023-05-02 02:00:00,10.7,85.0,0.0,8.0
2023-05-02 03:00:00,10.6,85.0,0.0,8.0
2023-05-02 04:00:00,10.4,85.0,0.0,8.0
2023-05-02 05:00:00,10.7,86.0,0.3,9.4
2023-05-02 06:00:00,12.2,81.0,0.4,10.4
2023-05-02 07:00:00,13.2,84.0,0.1,10.6
2023-05-02 08:00:00,14.0,81.0,0.2,13.0
2023-05-02 09:00:00,14.6,78.0,0.2,14.5
2023-05-02 10:00:00,15.3,75.0,0.1,13.9
2023-05-02 11:00:00,16.0,72.0,0.1,12.1
2023-05-02 12:00:00,15.9,75.0,0.2,10.2
2023-05-02 13:00:00,15.5,80.0,0.4,8.9
2023-05-02 14:00:00,14.1,96.0,0.4,10.9
2023-05-02 15:00:00,13.6,97.0,0.6,11.7
2023-05-02 16:00:00,13.3,97.0,0.5,12.6
2023-05-02 17:00:00,12.9,97.0,0.4,13.0
2023-05-02 18:00:00,12.5,97.0,0.3,13.0
2023-05-02 19:00:00,11.4,96.0,0.5,11.9
2023-05-02 20:00:00,10.8,97.0,0.7,10.8
2023-05-02 21:00:00,10.5,97.0,0.9,9.5
2023-05-02 22:00:00,10.3,97.0,0.8,7.6
2023-05-02 23:00:00,10.2,97.0,0.5,10.7
2023-05-03 00:00:00,10.9,87.0,0.3,10.9
2023-05-03 01:00:00,10.9,86.0,0.2,10.7
2023-05-03 02:00:00,11.0,85.0,0.2,10.1
2023-05-03 03:00:00,10.9,85.0,0.1,10.9
2023-05-03 04:00:00,10.9,85.0,0.1,11.9
2023-05-03 05:00:00,11.3,84.0,0.1,14.1
2023-05-03 06:00:00,11.9,83.0,0.1,16.6
2023-05-03 07:00:00,12.7,80.0,0.5,16.8
2023-05-03 08:00:00,13.1,79.0,1.1,15.2
2023-05-03 09:00:00,14.1,70.0,0.4,18.2
2023-05-03 10:00:00,14.4,68.0,0.4,18.5
2023-05-03 11:00:00,14.9,64.0,0.5,13.2
2023-05-03 12:00:00,14.9,65.0,0.5,12.2
2023-05-03 13:00:00,14.8,67.0,0.3,13.2
2023-05-03 14:00:00,14.6,69.0,0.1,14.4
2023-05-03 15:00:00,14.4,71.0,0.0,12.6
2023-05-03 16:00:00,14.3,71.0,0.0,13.7
2023-05-03 17:00:00,14.0,72.0,0.0,14.0
2023-05-03 18:00:00,13.2,74.0,0.0,12.3
2023-05-03 19:00:00,12.8,76.0,0.1,11.2
2023-05-03 20:00:00,12.2,78.0,0.0,10.1
2023-05-03 21:00:00,11.1,83.0,0.0,9.9
2023-05-03 22:00:00,10.6,82.0,0.0,7.9
2023-05-03 23:00:00,9.8,84.0,0.0,8.0
2023-05-04 00:00:00,9.0,85.0,0.0,9.0
2023-05-04 01:00:00,8.5,87.0,0.0,9.7
2023-05-04 02:00:00,7.9,89.0,0.0,9.8
2023-05-04 03:00:00,7.2,91.0,0.0,9.5
2023-05-04 04:00:00,6.3,95.0,0.0,9.3
2023-05-04 05:00:00,7.1,95.0,0.0,9.7
2023-05-04 06:00:00,10.0,86.0,0.0,9.1
2023-05-04 07:00:00,12.9,74.0,0.0,11.2
2023-05-04 08:00:00,14.5,60.0,0.0,12.9
2023-05-04 09:00:00,15.6,52.0,0.0,12.1
2023-05-04 10:00:00,16.4,48.0,0.0,7.6
2023-05-04 11:00:00,17.0,46.0,0.0,6.3
2023-05-04 12:00:00,17.5,44.0,0.0,5.4
2023-05-04 13:00:00,18.1,43.0,0.0,5.1
2023-05-04 14:00:00,18.3,43.0,0.0,4.9
2023-05-04 15:00:00,18.2,43.0,0.0,5.6
2023-05-04 16:00:00,17.7,46.0,0.0,6.9
2023-05-04 17:00:00,16.7,54.0,0.0,6.5
2023-05-04 18:00:00,15.4,61.0,0.0,5.4
2023-05-04 19:00:00,14.3,67.0,0.0,6.2
2023-05-04 20:00:00,12.6,77.0,0.0,6.5
2023-05-04 21:00:00,12.3,73.0,0.0,7.1
2023-05-04 22:00:00,13.4,65.0,0.0,5.6
2023-05-04 23:00:00,12.3,70.0,0.0,6.2
2023-05-05 00:00:00,10.2,79.0,0.0,5.5
2023-05-05 01:00:00,8.8,85.0,0.0,5.9
2023-05-05 02:00:00,8.2,88.0,0.0,6.0
2023-05-05 03:00:00,7.6,90.0,0.0,7.0
2023-05-05 04:00:00,7.1,92.0,0.0,6.4
2023-05-05 05:00:00,8.0,92.0,0.0,6.4
2023-05-05 06:00:00,12.1,81.0,0.0,3.8
2023-05-05 07:00:00,15.0,70.0,0.0,3.7
2023-05-05 08:00:00,17.0,62.0,0.0,5.7
2023-05-05 09:00:00,18.6,57.0,0.0,7.3
2023-05-05 10:00:00,19.9,54.0,0.0,8.8
2023-05-05 11:00:00,20.8,52.0,0.0,8.8
2023-05-05 12:00:00,21.6,49.0,0.0,7.9
2023-05-05 13:00:00,21.9,48.0,0.0,7.0
2023-05-05 14:00:00,21.7,48.0,0.0,7.8
2023-05-05 15:00:00,21.5,49.0,0.0,8.9
2023-05-05 16:00:00,21.0,53.0,0.0,9.6
2023-05-05 17:00:00,19.8,62.0,0.0,7.9
2023-05-05 18:00:00,18.3,68.0,0.0,7.2
2023-05-05 19:00:00,17.1,72.0,0.0,6.8
2023-05-05 20:00:00,15.9,77.0,0.0,6.2
2023-05-05 21:00:00,14.7,82.0,0.0,5.4
2023-05-05 22:00:00,13.5,86.0,0.0,6.6
2023-05-05 23:00:00,12.5,88.0,0.0,6.0
2023-05-06 00:00:00,11.7,90.0,0.0,5.3
2023-05-06 01:00:00,11.1,91.0,0.0,6.8
2023-05-06 02:00:00,10.8,91.0,0.0,5.1
2023-05-06 03:00:00,10.3,93.0,0.0,4.0
2023-05-06 04:00:00,10.0,93.0,0.0,3.4
2023-05-06 05:00:00,10.7,94.0,0.0,1.8
2023-05-06 06:00:00,14.3,85.0,0.0,1.1
2023-05-06 07:00:00,15.5,84.0,0.0,2.6
2023-05-06 08:00:00,17.7,74.0,0.0,4.1
2023-05-06 09:00:00,19.3,68.0,0.0,3.9
2023-05-06 10:00:00,20.4,63.0,0.0,5.1
2023-05-06 11:00:00,21.3,60.0,0.0,8.9
2023-05-06 12:00:00,21.9,58.0,0.0,8.3
2023-05-06 13:00:00,21.8,57.0,0.0,6.3
2023-05-06 14:00:00,21.9,55.0,0.0,6.0
2023-05-06 15:00:00,21.9,54.0,0.0,4.8
2023-05-06 16:00:00,20.0,67.0,0.3,5.1
2023-05-06 17:00:00,18.6,77.0,0.0,4.0
2023-05-06 18:00:00,17.1,83.0,0.0,4.7
2023-05-06 19:00:00,16.2,88.0,0.0,4.5
2023-05-06 20:00:00,15.0,92.0,0.0,4.5
2023-05-06 21:00:00,13.9,94.0,0.0,4.0
2023-05-06 22:00:00,13.2,95.0,0.0,4.6
2023-05-06 23:00:00,12.3,95.0,0.0,4.4
2023-05-07 00:00:00,11.6,96.0,0.0,5.4
2023-05-07 01:00:00,10.8,96.0,0.0,5.0
2023-05-07 02:00:00,10.0,99.0,0.0,5.0
2023-05-07 03:00:00,9.4,99.0,0.0,4.0
2023-05-07 04:00:00,9.2,99.0,0.0,3.5
2023-05-07 05:00:00,11.0,97.0,0.0,3.6
2023-05-07 06:00:00,14.1,95.0,0.0,3.8
2023-05-07 07:00:00,14.6,97.0,0.0,3.4
2023-05-07 08:00:00,16.2,85.0,0.0,4.0
2023-05-07 09:00:00,18.2,72.0,0.0,7.1
2023-05-07 10:00:00,19.1,67.0,0.0,5.2
2023-05-07 11:00:00,19.8,67.0,0.0,6.2
2023-05-07 12:00:00,20.1,68.0,0.0,8.9
2023-05-07 13:00:00,18.8,74.0,0.2,9.0
2023-05-07 14:00:00,17.7,78.0,0.5,10.0
2023-05-07 15:00:00,17.1,83.0,0.2,9.2
2023-05-07 16:00:00,16.5,84.0,0.2,9.0
2023-05-07 17:00:00,16.2,87.0,0.2,8.9
2023-05-07 18:00:00,14.7,97.0,0.3,8.4
2023-05-07 19:00:00,14.4,97.0,0.3,9.7
2023-05-07 20:00:00,13.9,96.0,0.5,10.3
2023-05-07 21:00:00,13.2,96.0,1.5,11.8
2023-05-07 22:00:00,12.3,96.0,2.4,12.2
2023-05-07 23:00:00,11.3,97.0,3.1,13.5
2023-05-08 00:00:00,10.9,88.0,3.0,10.0
2023-05-08 01:00:00,9.9,97.0,2.0,9.1
2023-05-08 02:00:00,9.3,97.0,0.8,11.5
2023-05-08 03:00:00,9.1,87.0,0.1,12.2
2023-05-08 04:00:00,9.1,83.0,0.0,10.9
2023-05-08 05:00:00,9.2,82.0,0.0,11.3
2023-05-08 06:00:00,9.5,81.0,0.0,12.1
2023-05-08 07:00:00,9.6,79.0,0.0,13.0
2023-05-08 08:00:00,9.8,77.0,0.0,12.0
2023-05-08 09:00:00,10.2,75.0,0.0,11.5
2023-05-08 10:00:00,10.7,73.0,0.0,10.2
2023-05-08 11:00:00,11.4,70.0,0.0,10.2
2023-05-08 12:00:00,12.9,64.0,0.0,9.8
2023-05-08 13:00:00,13.5,63.0,0.0,10.8
2023-05-08 14:00:00,13.8,61.0,0.0,12.1
2023-05-08 15:00:00,13.8,61.0,0.0,11.8
2023-05-08 16:00:00,13.5,62.0,0.0,10.1
2023-05-08 17:00:00,13.1,65.0,0.0,8.9
2023-05-08 18:00:00,12.5,68.0,0.0,7.9
2023-05-08 19:00:00,12.5,75.0,0.0,6.6
2023-05-08 20:00:00,11.7,82.0,0.0,6.3
2023-05-08 21:00:00,11.3,83.0,0.0,6.2
2023-05-08 22:00:00,11.3,79.0,0.0,5.0
2023-05-08 23:00:00,10.7,81.0,0.0,5.4
2023-05-09 00:00:00,10.2,84.0,0.0,6.8
2023-05-09 01:00:00,9.6,88.0,0.0,8.1
2023-05-09 02:00:00,9.2,89.0,0.0,8.0
2023-05-09 03:00:00,9.5,87.0,0.0,8.0
2023-05-09 04:00:00,9.4,86.0,0.0,6.2
2023-05-09 05:00:00,9.9,80.0,0.0,6.2
2023-05-09 06:00:00,10.3,74.0,0.0,6.3
2023-05-09 07:00:00,10.1,76.0,0.0,5.5
2023-05-09 08:00:00,11.0,72.0,0.0,5.4
2023-05-09 09:00:00,11.8,69.0,0.0,5.8
2023-05-09 10:00:00,12.9,64.0,0.0,4.7
2023-05-09 11:00:00,14.4,60.0,0.0,5.4
2023-05-09 12:00:00,14.9,58.0,0.0,6.3
2023-05-09 13:00:00,15.7,54.0,0.0,8.2
2023-05-09 14:00:00,15.5,54.0,0.0,9.2
2023-05-09 15:00:00,15.4,53.0,0.0,10.3
2023-05-09 16:00:00,15.3,53.0,0.0,10.6
2023-05-09 17:00:00,14.7,58.0,0.0,7.3
2023-05-09 18:00:00,13.7,64.0,0.0,5.0
2023-05-09 19:00:00,13.1,68.0,0.0,5.9
2023-05-09 20:00:00,11.9,75.0,0.0,5.7
2023-05-09 21:00:00,10.9,81.0,0.0,5.6
2023-05-09 22:00:00,10.7,78.0,0.0,4.6
2023-05-09 23:00:00,10.9,74.0,0.0,5.4
2023-05-10 00:00:00,11.0,74.0,0.0,5.8
2023-05-10 01:00:00,10.3,77.0,0.0,4.9
2023-05-10 02:00:00,9.9,79.0,0.0,5.6
2023-05-10 03:00:00,9.4,82.0,0.0,6.0
2023-05-10 04:00:00,9.0,84.0,0.0,5.4
2023-05-10 05:00:00,8.7,87.0,0.0,5.4
2023-05-10 06:00:00,10.4,83.0,0.0,5.2
2023-05-10 07:00:00,11.5,78.0,0.0,6.6
2023-05-10 08:00:00,12.7,74.0,0.0,8.8
2023-05-10 09:00:00,13.3,69.0,0.0,10.2
2023-05-10 10:00:00,14.1,65.0,0.0,8.4
2023-05-10 11:00:00,14.5,63.0,0.0,10.2
2023-05-10 12:00:00,14.9,61.0,0.0,11.4
2023-05-10 13:00:00,14.8,61.0,0.0,10.9
2023-05-10 14:00:00,14.9,61.0,0.0,9.3
2023-05-10 15:00:00,14.8,62.0,0.0,4.9
2023-05-10 16:00:00,14.5,72.0,0.0,3.3
2023-05-10 17:00:00,14.4,67.0,0.0,2.1
2023-05-10 18:00:00,13.7,71.0,0.0,4.0
2023-05-10 19:00:00,13.5,74.0,0.3,4.7
2023-05-10 20:00:00,12.5,81.0,0.3,4.7
2023-05-10 21:00:00,12.2,81.0,0.3,5.9
2023-05-10 22:00:00,11.7,86.0,0.4,6.3
2023-05-10 23:00:00,10.6,97.0,0.4,7.9
2023-05-11 00:00:00,11.1,90.0,0.4,8.7
2023-05-11 01:00:00,10.4,98.0,0.5,11.0
2023-05-11 02:00:00,10.3,98.0,0.3,11.8
2023-05-11 03:00:00,10.2,98.0,0.2,12.2
2023-05-11 04:00:00,10.1,98.0,0.2,12.6
2023-05-11 05:00:00,10.2,98.0,0.3,12.6
2023-05-11 06:00:00,10.2,98.0,0.5,13.3
2023-05-11 07:00:00,10.2,97.0,0.8,13.6
2023-05-11 08:00:00,10.2,97.0,1.5,13.3
2023-05-11 09:00:00,10.4,96.0,1.4,12.7
2023-05-11 10:00:00,10.4,97.0,1.5,14.0
2023-05-11 11:00:00,10.7,97.0,1.6,14.3
2023-05-11 12:00:00,10.8,97.0,2.0,14.5
2023-05-11 13:00:00,10.8,98.0,2.1,11.3
2023-05-11 14:00:00,10.8,98.0,2.1,9.1
2023-05-11 15:00:00,10.9,98.0,2.2,7.9
2023-05-11 16:00:00,11.0,98.0,2.0,8.9
2023-05-11 17:00:00,10.8,98.0,1.6,10.3
2023-05-11 18:00:00,10.7,98.0,1.1,11.2
2023-05-11 19:00:00,10.7,98.0,0.7,11.8
2023-05-11 20:00:00,10.6,98.0,0.5,11.0
2023-05-11 21:00:00,10.3,99.0,0.5,10.2
2023-05-11 22:00:00,10.1,99.0,0.5,8.9
2023-05-11 23:00:00,10.0,99.0,0.4,8.1
2023-05-12 00:00:00,9.9,98.0,0.3,8.1
2023-05-12 01:00:00,9.6,100.0,0.3,8.0
2023-05-12 02:00:00,9.5,99.0,0.0,8.7
2023-05-12 03:00:00,9.4,100.0,0.3,8.7
2023-05-12 04:00:00,9.3,100.0,0.2,7.6
2023-05-12 05:00:00,9.3,100.0,0.1,7.8
2023-05-12 06:00:00,9.3,99.0,0.0,8.8
2023-05-12 07:00:00,9.8,100.0,0.4,9.9
2023-05-12 08:00:00,10.2,100.0,0.5,9.4
2023-05-12 09:00:00,10.4,100.0,0.3,8.7
2023-05-12 10:00:00,10.7,100.0,0.5,10.0
2023-05-12 11:00:00,11.1,99.0,0.4,8.2
2023-05-12 12:00:00,11.0,97.0,0.1,8.4
2023-05-12 13:00:00,11.1,95.0,0.1,10.2
2023-05-12 14:00:00,11.2,94.0,0.1,9.1
2023-05-12 15:00:00,11.3,92.0,0.3,9.2
2023-05-12 16:00:00,11.1,93.0,0.2,7.6
2023-05-12 17:00:00,11.0,94.0,0.1,6.9
2023-05-12 18:00:00,10.6,96.0,0.1,7.3
2023-05-12 19:00:00,10.1,100.0,0.7,7.9
2023-05-12 20:00:00,10.0,100.0,0.8,7.2
2023-05-12 21:00:00,9.8,100.0,0.9,6.6
2023-05-12 22:00:00,9.7,100.0,0.8,5.8
2023-05-12 23:00:00,9.5,100.0,0.5,6.1
2023-05-13 00:00:00,9.4,99.0,0.4,5.9
2023-05-13 01:00:00,9.3,100.0,0.3,2.4
2023-05-13 02:00:00,9.2,100.0,0.2,3.2
2023-05-13 03:00:00,9.1,100.0,0.1,4.6
2023-05-13 04:00:00,9.1,100.0,0.0,5.3
2023-05-13 05:00:00,9.2,100.0,0.0,6.3
2023-05-13 06:00:00,9.3,98.0,0.0,7.7
2023-05-13 07:00:00,9.9,99.0,0.0,7.6
2023-05-13 08:00:00,10.3,96.0,0.1,7.8
2023-05-13 09:00:00,11.2,89.0,0.3,8.9
2023-05-13 10:00:00,12.2,83.0,0.2,7.0
2023-05-13 11:00:00,13.5,82.0,0.2,8.6
2023-05-13 12:00:00,13.9,79.0,0.1,9.3
2023-05-13 13:00:00,14.5,76.0,0.1,10.1
2023-05-13 14:00:00,14.9,74.0,0.0,9.4
2023-05-13 15:00:00,14.9,73.0,0.2,11.7
2023-05-13 16:00:00,14.6,72.0,0.1,12.1
2023-05-13 17:00:00,13.6,79.0,0.3,10.2
2023-05-13 18:00:00,12.9,81.0,0.1,7.3
2023-05-13 19:00:00,11.3,93.0,0.1,7.9
2023-05-13 20:00:00,11.2,94.0,0.1,7.9
2023-05-13 21:00:00,11.0,95.0,0.1,7.0
2023-05-13 22:00:00,10.9,95.0,0.2,8.5
2023-05-13 23:00:00,10.7,96.0,0.3,8.7
2023-05-14 00:00:00,10.5,97.0,0.3,10.7
2023-05-14 01:00:00,10.3,99.0,0.5,9.3
2023-05-14 02:00:00,10.2,99.0,1.1,9.2
2023-05-14 03:00:00,10.1,100.0,1.4,9.3
2023-05-14 04:00:00,10.0,100.0,1.5,9.2
2023-05-14 05:00:00,10.0,100.0,1.5,10.3
2023-05-14 06:00:00,10.1,100.0,1.0,10.5
2023-05-14 07:00:00,10.5,100.0,1.3,14.3
2023-05-14 08:00:00,10.8,100.0,1.2,14.3
2023-05-14 09:00:00,11.0,100.0,1.5,12.2
2023-05-14 10:00:00,11.0,100.0,1.9,15.8
2023-05-14 11:00:00,11.1,100.0,2.4,17.2
2023-05-14 12:00:00,11.1,100.0,2.4,14.5
2023-05-14 13:00:00,11.1,100.0,1.6,9.5
2023-05-14 14:00:00,11.2,100.0,2.2,8.9
2023-05-14 15:00:00,11.2,100.0,0.8,10.5
2023-05-14 16:00:00,11.1,100.0,1.3,9.4
2023-05-14 17:00:00,10.9,100.0,0.7,9.2
2023-05-14 18:00:00,10.7,100.0,0.5,8.6
2023-05-14 19:00:00,10.6,100.0,0.1,10.1
2023-05-14 20:00:00,10.4,100.0,0.1,8.3
2023-05-14 21:00:00,10.4,98.0,0.2,7.3
2023-05-14 22:00:00,10.4,97.0,0.2,7.4
2023-05-14 23:00:00,10.3,97.0,0.1,5.9
2023-05-15 00:00:00,10.2,96.0,0.0,4.0
2023-05-15 01:00:00,9.7,97.0,0.0,2.7
2023-05-15 02:00:00,9.1,97.0,0.0,2.7
2023-05-15 03:00:00,8.7,97.0,0.0,2.8
2023-05-15 04:00:00,7.3,100.0,0.0,6.5
2023-05-15 05:00:00,9.3,97.0,0.0,7.0
2023-05-15 06:00:00,11.8,90.0,0.0,7.5
2023-05-15 07:00:00,12.7,86.0,0.0,6.7
2023-05-15 08:00:00,14.2,74.0,0.0,2.9
2023-05-15 09:00:00,15.4,66.0,0.0,3.6
2023-05-15 10:00:00,16.2,61.0,0.0,3.8
2023-05-15 11:00:00,17.1,58.0,0.0,2.5
2023-05-15 12:00:00,17.9,55.0,0.1,5.0
2023-05-15 13:00:00,18.1,53.0,0.0,7.1
2023-05-15 14:00:00,18.4,53.0,0.0,6.8
2023-05-15 15:00:00,18.2,55.0,0.0,7.4
2023-05-15 16:00:00,17.7,57.0,0.0,7.7
2023-05-15 17:00:00,16.9,64.0,0.0,7.4
2023-05-15 18:00:00,16.1,69.0,0.0,7.2
2023-05-15 19:00:00,14.6,75.0,0.0,7.9
2023-05-15 20:00:00,13.9,79.0,0.0,7.7
2023-05-15 21:00:00,13.1,83.0,0.0,7.2
2023-05-15 22:00:00,12.2,89.0,0.0,5.4
2023-05-15 23:00:00,12.5,86.0,0.0,7.4
2023-05-16 00:00:00,11.9,89.0,0.1,10.2
2023-05-16 01:00:00,11.3,91.0,0.2,10.4
2023-05-16 02:00:00,11.3,91.0,0.1,8.0
2023-05-16 03:00:00,11.5,89.0,0.0,8.0
2023-05-16 04:00:00,11.7,87.0,0.1,9.9
2023-05-16 05:00:00,11.9,86.0,0.7,12.9
2023-05-16 06:00:00,11.3,97.0,0.9,16.8
2023-05-16 07:00:00,11.6,98.0,0.5,17.4
2023-05-16 08:00:00,12.1,97.0,0.9,18.0
2023-05-16 09:00:00,13.3,86.0,0.8,17.9
2023-05-16 10:00:00,13.7,85.0,1.1,23.2
2023-05-16 11:00:00,14.0,85.0,1.6,26.0
2023-05-16 12:00:00,13.9,86.0,2.2,21.6
2023-05-16 13:00:00,12.7,97.0,1.9,21.8
2023-05-16 14:00:00,12.7,97.0,0.8,19.4
2023-05-16 15:00:00,13.5,87.0,0.9,17.5
2023-05-16 16:00:00,13.5,86.0,1.8,17.5
2023-05-16 17:00:00,12.4,97.0,2.3,17.2
2023-05-16 18:00:00,12.0,97.0,2.2,17.7
2023-05-16 19:00:00,11.1,97.0,1.1,17.3
2023-05-16 20:00:00,10.8,97.0,1.0,16.6
2023-05-16 21:00:00,10.7,97.0,0.7,16.0
2023-05-16 22:00:00,10.6,97.0,0.6,13.4
2023-05-16 23:00:00,10.6,97.0,0.6,11.4
2023-05-17 00:00:00,11.5,85.0,0.5,10.7
2023-05-17 01:00:00,10.6,97.0,0.3,10.6
2023-05-17 02:00:00,10.6,96.0,0.2,11.2
2023-05-17 03:00:00,10.5,96.0,0.2,12.6
2023-05-17 04:00:00,11.3,84.0,0.2,15.5
2023-05-17 05:00:00,11.3,82.0,0.2,17.6
2023-05-17 06:00:00,11.5,82.0,0.1,18.4
2023-05-17 07:00:00,11.9,78.0,0.4,18.4
2023-05-17 08:00:00,12.2,77.0,0.5,17.7
2023-05-17 09:00:00,12.2,78.0,0.9,16.7
2023-05-17 10:00:00,12.2,80.0,1.4,8.9
2023-05-17 11:00:00,12.2,81.0,1.2,9.9
2023-05-17 12:00:00,11.1,96.0,1.2,11.0
2023-05-17 13:00:00,11.1,96.0,1.1,12.8
2023-05-17 14:00:00,10.9,96.0,1.0,13.7
2023-05-17 15:00:00,10.4,96.0,0.7,15.3
2023-05-17 16:00:00,10.5,83.0,0.7,18.8
2023-05-17 17:00:00,10.3,82.0,0.5,19.9
2023-05-17 18:00:00,9.8,83.0,0.3,19.6
2023-05-17 19:00:00,9.9,72.0,0.0,19.7
2023-05-17 20:00:00,9.6,72.0,0.0,18.9
2023-05-17 21:00:00,9.3,72.0,0.0,18.4
2023-05-17 22:00:00,9.4,71.0,0.0,12.6
2023-05-17 23:00:00,9.4,69.0,0.0,13.3
2023-05-18 00:00:00,9.3,69.0,0.0,14.8
2023-05-18 01:00:00,9.2,69.0,0.0,14.8
2023-05-18 02:00:00,9.2,68.0,0.0,14.8
2023-05-18 03:00:00,9.1,68.0,0.0,14.1
2023-05-18 04:00:00,9.2,69.0,0.0,13.8
2023-05-18 05:00:00,9.4,69.0,0.0,13.6
2023-05-18 06:00:00,9.8,70.0,0.0,14.6
2023-05-18 07:00:00,11.6,64.0,0.0,22.1
2023-05-18 08:00:00,12.2,63.0,0.0,20.4
2023-05-18 09:00:00,13.0,62.0,0.0,18.4
2023-05-18 10:00:00,13.8,61.0,0.0,15.7
2023-05-18 11:00:00,14.1,60.0,0.0,15.0
2023-05-18 12:00:00,14.5,60.0,0.0,15.1
2023-05-18 13:00:00,14.5,61.0,0.0,16.1
2023-05-18 14:00:00,14.4,63.0,0.0,15.5
2023-05-18 15:00:00,13.6,67.0,0.0,15.5
2023-05-18 16:00:00,12.9,70.0,0.0,14.8
2023-05-18 17:00:00,12.2,73.0,0.0,13.8
2023-05-18 18:00:00,11.6,75.0,0.0,12.0
2023-05-18 19:00:00,11.5,77.0,0.0,10.5
2023-05-18 20:00:00,11.0,81.0,0.0,8.7
2023-05-18 21:00:00,10.5,84.0,0.0,7.8
2023-05-18 22:00:00,10.7,79.0,0.0,8.6
2023-05-18 23:00:00,10.4,79.0,0.0,8.2
2023-05-19 00:00:00,10.3,80.0,0.0,7.9
2023-05-19 01:00:00,10.0,82.0,0.0,7.7
2023-05-19 02:00:00,9.3,87.0,0.1,7.4
2023-05-19 03:00:00,9.1,90.0,0.0,6.2
2023-05-19 04:00:00,9.3,90.0,0.2,5.6
2023-05-19 05:00:00,9.6,91.0,0.1,5.5
2023-05-19 06:00:00,10.3,85.0,0.1,7.4
2023-05-19 07:00:00,10.9,83.0,0.0,9.7
2023-05-19 08:00:00,11.4,81.0,0.0,10.4
2023-05-19 09:00:00,12.3,79.0,0.0,9.4
2023-05-19 10:00:00,13.3,76.0,0.0,7.0
2023-05-19 11:00:00,14.4,72.0,0.1,5.7
2023-05-19 12:00:00,15.4,68.0,0.1,6.1
2023-05-19 13:00:00,15.9,67.0,0.0,7.2
2023-05-19 14:00:00,16.0,68.0,0.0,9.9
2023-05-19 15:00:00,15.9,70.0,0.0,9.0
2023-05-19 16:00:00,15.6,73.0,0.0,6.2
2023-05-19 17:00:00,15.0,78.0,0.1,5.6
2023-05-19 18:00:00,14.5,80.0,0.1,6.0
2023-05-19 19:00:00,13.9,85.0,0.0,5.5
2023-05-19 20:00:00,13.4,86.0,0.1,5.2
2023-05-19 21:00:00,12.8,90.0,0.1,5.0
2023-05-19 22:00:00,12.2,93.0,0.1,5.8
2023-05-19 23:00:00,11.9,93.0,0.2,6.6
2023-05-20 00:00:00,11.7,93.0,0.2,6.3
2023-05-20 01:00:00,11.7,93.0,0.3,5.9
2023-05-20 02:00:00,11.5,93.0,0.2,6.9
2023-05-20 03:00:00,11.4,94.0,0.0,8.1
2023-05-20 04:00:00,11.5,95.0,0.0,9.0
2023-05-20 05:00:00,12.4,94.0,0.0,9.5
2023-05-20 06:00:00,13.7,90.0,0.0,8.8
2023-05-20 07:00:00,15.1,86.0,0.0,9.5
2023-05-20 08:00:00,16.3,82.0,0.0,11.2
2023-05-20 09:00:00,17.7,77.0,0.0,11.6
2023-05-20 10:00:00,19.1,75.0,0.1,11.8
2023-05-20 11:00:00,20.6,72.0,0.1,12.0
2023-05-20 12:00:00,20.9,70.0,0.1,12.9
2023-05-20 13:00:00,21.1,68.0,0.5,14.1
2023-05-20 14:00:00,21.1,68.0,0.1,13.8
2023-05-20 15:00:00,21.2,67.0,0.0,13.9
2023-05-20 16:00:00,20.1,72.0,0.5,12.3
2023-05-20 17:00:00,19.1,77.0,0.1,9.2
2023-05-20 18:00:00,18.2,82.0,0.0,5.9
2023-05-20 19:00:00,16.6,86.0,0.0,5.4
2023-05-20 20:00:00,15.7,89.0,0.0,6.9
2023-05-20 21:00:00,14.8,91.0,0.0,7.6
2023-05-20 22:00:00,14.2,92.0,0.0,6.8
2023-05-20 23:00:00,12.6,98.0,0.0,5.7
2023-05-21 00:00:00,12.9,93.0,0.0,6.2
2023-05-21 01:00:00,10.9,98.0,0.0,7.3
2023-05-21 02:00:00,10.0,98.0,0.0,7.9
2023-05-21 03:00:00,9.1,99.0,0.0,7.3
2023-05-21 04:00:00,8.7,99.0,0.0,7.3
2023-05-21 05:00:00,12.4,94.0,0.0,8.6
2023-05-21 06:00:00,15.8,85.0,0.0,8.0
2023-05-21 07:00:00,17.2,79.0,0.0,8.5
2023-05-21 08:00:00,18.7,73.0,0.0,9.0
2023-05-21 09:00:00,20.1,67.0,0.0,8.9
2023-05-21 10:00:00,21.3,62.0,0.0,8.1
2023-05-21 11:00:00,22.0,58.0,0.0,9.4
2023-05-21 12:00:00,22.7,56.0,0.0,11.0
2023-05-21 13:00:00,22.6,55.0,0.1,11.7
2023-05-21 14:00:00,22.7,56.0,0.0,12.2
2023-05-21 15:00:00,22.6,57.0,0.0,13.1
2023-05-21 16:00:00,21.7,61.0,0.0,12.4
2023-05-21 17:00:00,21.1,66.0,0.0,9.5
2023-05-21 18:00:00,20.0,71.0,0.0,7.9
2023-05-21 19:00:00,19.1,71.0,0.0,6.5
2023-05-21 20:00:00,17.9,75.0,0.0,5.5
2023-05-21 21:00:00,17.0,77.0,0.0,4.3
2023-05-21 22:00:00,15.8,82.0,0.0,6.1
2023-05-21 23:00:00,15.4,82.0,0.0,6.2
2023-05-22 00:00:00,14.6,85.0,0.0,8.0
2023-05-22 01:00:00,14.4,84.0,0.0,8.2
2023-05-22 02:00:00,13.7,87.0,0.0,6.8
2023-05-22 03:00:00,13.1,88.0,0.0,5.6
2023-05-22 04:00:00,12.7,90.0,0.0,5.5
2023-05-22 05:00:00,13.9,92.0,0.0,4.5
2023-05-22 06:00:00,17.5,80.0,0.0,3.3
2023-05-22 07:00:00,19.0,77.0,0.0,4.0
2023-05-22 08:00:00,20.6,67.0,0.0,4.0
2023-05-22 09:00:00,22.0,61.0,0.0,4.2
2023-05-22 10:00:00,23.0,55.0,0.0,2.2
2023-05-22 11:00:00,23.8,51.0,0.0,3.6
2023-05-22 12:00:00,24.3,48.0,0.0,4.6
2023-05-22 13:00:00,24.6,47.0,0.0,6.2
2023-05-22 14:00:00,24.5,47.0,0.0,7.7
2023-05-22 15:00:00,24.3,48.0,0.3,9.0
2023-05-22 16:00:00,23.1,56.0,0.0,9.4
2023-05-22 17:00:00,22.2,62.0,0.0,7.9
2023-05-22 18:00:00,21.1,67.0,0.0,5.8
2023-05-22 19:00:00,20.2,71.0,0.0,7.6
2023-05-22 20:00:00,18.3,80.0,0.0,6.5
2023-05-22 21:00:00,17.0,82.0,0.0,6.1
2023-05-22 22:00:00,16.1,84.0,0.0,4.8
2023-05-22 23:00:00,15.2,86.0,0.0,5.1
2023-05-23 00:00:00,14.5,88.0,0.0,5.6
2023-05-23 01:00:00,13.7,91.0,0.0,4.6
2023-05-23 02:00:00,12.1,94.0,0.0,5.0
2023-05-23 03:00:00,11.5,95.0,0.0,6.4
2023-05-23 04:00:00,11.4,95.0,0.0,7.8
2023-05-23 05:00:00,13.7,92.0,0.0,8.4
2023-05-23 06:00:00,17.9,81.0,0.0,6.4
2023-05-23 07:00:00,20.4,71.0,0.0,5.6
2023-05-23 08:00:00,22.4,62.0,0.0,6.1
2023-05-23 09:00:00,23.8,57.0,0.0,7.1
2023-05-23 10:00:00,24.8,54.0,0.0,3.5
2023-05-23 11:00:00,25.1,52.0,0.0,4.7
2023-05-23 12:00:00,24.5,56.0,0.0,7.9
2023-05-23 13:00:00,24.9,54.0,0.0,9.0
2023-05-23 14:00:00,23.4,60.0,0.4,8.8
2023-05-23 15:00:00,22.4,65.0,0.0,5.5
2023-05-23 16:00:00,21.6,72.0,0.0,11.6
2023-05-23 17:00:00,20.5,77.0,0.0,3.9
2023-05-23 18:00:00,19.6,80.0,0.2,3.7
2023-05-23 19:00:00,18.1,91.0,0.2,4.5
2023-05-23 20:00:00,17.4,93.0,0.2,3.3
2023-05-23 21:00:00,16.8,94.0,0.0,4.2
2023-05-23 22:00:00,16.3,94.0,0.0,1.8
2023-05-23 23:00:00,16.0,94.0,0.0,2.9
2023-05-24 00:00:00,15.6,94.0,0.1,2.2
2023-05-24 01:00:00,15.2,94.0,1.4,1.1
2023-05-24 02:00:00,14.6,95.0,0.9,1.8
2023-05-24 03:00:00,14.1,95.0,0.4,3.0
2023-05-24 04:00:00,14.3,95.0,0.1,3.2
2023-05-24 05:00:00,15.5,94.0,0.0,3.1
2023-05-24 06:00:00,16.8,91.0,0.0,4.6
2023-05-24 07:00:00,16.1,91.0,0.9,6.6
2023-05-24 08:00:00,15.9,98.0,1.0,7.9
2023-05-24 09:00:00,16.7,98.0,1.1,8.5
2023-05-24 10:00:00,16.9,98.0,0.7,5.8
2023-05-24 11:00:00,16.9,97.0,0.7,7.3
2023-05-24 12:00:00,17.1,96.0,0.3,4.7
2023-05-24 13:00:00,17.1,96.0,0.1,3.4
2023-05-24 14:00:00,17.3,94.0,0.0,7.8
2023-05-24 15:00:00,17.4,83.0,0.0,10.0
2023-05-24 16:00:00,17.5,83.0,0.0,10.9
2023-05-24 17:00:00,17.2,81.0,0.0,9.2
2023-05-24 18:00:00,16.7,82.0,0.0,6.9
2023-05-24 19:00:00,16.1,85.0,0.0,5.8
2023-05-24 20:00:00,15.2,87.0,0.0,7.6
2023-05-24 21:00:00,14.5,89.0,0.0,9.3
2023-05-24 22:00:00,14.0,88.0,0.0,10.9
2023-05-24 23:00:00,13.9,87.0,0.0,11.1
2023-05-25 00:00:00,13.5,87.0,0.0,9.3
2023-05-25 01:00:00,13.5,84.0,0.0,9.0
2023-05-25 02:00:00,13.7,82.0,0.0,9.8
2023-05-25 03:00:00,13.4,83.0,0.0,9.0
2023-05-25 04:00:00,13.2,85.0,0.0,8.6
2023-05-25 05:00:00,13.6,87.0,0.0,9.1
2023-05-25 06:00:00,15.5,78.0,0.0,10.2
2023-05-25 07:00:00,16.3,77.0,0.0,10.5
2023-05-25 08:00:00,17.5,71.0,0.0,9.8
2023-05-25 09:00:00,19.0,65.0,0.0,9.6
2023-05-25 10:00:00,20.0,60.0,0.0,6.2
2023-05-25 11:00:00,20.7,58.0,0.0,6.4
2023-05-25 12:00:00,21.2,56.0,0.0,6.9
2023-05-25 13:00:00,21.5,55.0,0.0,7.5
2023-05-25 14:00:00,22.2,52.0,0.0,8.8
2023-05-25 15:00:00,22.2,51.0,0.0,10.4
2023-05-25 16:00:00,22.0,53.0,0.0,10.7
2023-05-25 17:00:00,21.0,59.0,0.0,9.8
2023-05-25 18:00:00,19.4,66.0,0.0,9.0
2023-05-25 19:00:00,18.2,75.0,0.0,6.6
2023-05-25 20:00:00,17.1,82.0,0.0,5.5
2023-05-25 21:00:00,17.6,74.0,0.0,6.5
2023-05-25 22:00:00,17.0,76.0,0.0,8.3
2023-05-25 23:00:00,15.2,83.0,0.0,7.9
2023-05-26 00:00:00,13.9,88.0,0.0,8.3
2023-05-26 01:00:00,13.3,90.0,0.0,8.2
2023-05-26 02:00:00,12.7,92.0,0.0,8.8
2023-05-26 03:00:00,12.6,93.0,0.0,9.4
2023-05-26 04:00:00,12.5,93.0,0.0,9.8
2023-05-26 05:00:00,14.1,90.0,0.0,11.1
2023-05-26 06:00:00,16.4,82.0,0.0,11.1
2023-05-26 07:00:00,18.3,67.0,0.0,13.2
2023-05-26 08:00:00,19.5,61.0,0.0,13.9
2023-05-26 09:00:00,20.7,56.0,0.0,15.3
2023-05-26 10:00:00,21.6,52.0,0.0,13.3
2023-05-26 11:00:00,22.3,49.0,0.0,14.3
2023-05-26 12:00:00,22.8,46.0,0.0,14.8
2023-05-26 13:00:00,23.0,45.0,0.0,15.4
2023-05-26 14:00:00,23.1,43.0,0.0,16.6
2023-05-26 15:00:00,23.1,43.0,0.0,16.9
2023-05-26 16:00:00,22.3,47.0,0.0,17.4
2023-05-26 17:00:00,21.1,55.0,0.0,16.4
2023-05-26 18:00:00,19.6,60.0,0.0,15.4
2023-05-26 19:00:00,18.6,62.0,0.0,15.1
2023-05-26 20:00:00,17.6,65.0,0.0,14.5
2023-05-26 21:00:00,16.8,68.0,0.0,14.3
2023-05-26 22:00:00,16.3,69.0,0.0,17.2
2023-05-26 23:00:00,16.0,69.0,0.0,15.0
2023-05-27 00:00:00,15.4,71.0,0.0,13.7
2023-05-27 01:00:00,14.9,72.0,0.0,13.1
2023-05-27 02:00:00,14.5,73.0,0.0,13.4
2023-05-27 03:00:00,14.0,75.0,0.0,13.8
2023-05-27 04:00:00,13.6,76.0,0.0,13.4
2023-05-27 05:00:00,14.3,75.0,0.0,13.0
2023-05-27 06:00:00,16.0,66.0,0.0,13.4
2023-05-27 07:00:00,17.3,51.0,0.0,15.9
2023-05-27 08:00:00,18.3,48.0,0.0,15.8
2023-05-27 09:00:00,19.2,45.0,0.0,16.3
2023-05-27 10:00:00,19.9,44.0,0.0,12.5
2023-05-27 11:00:00,20.3,44.0,0.0,14.7
2023-05-27 12:00:00,20.7,45.0,0.0,14.8
2023-05-27 13:00:00,20.9,46.0,0.0,15.3
2023-05-27 14:00:00,21.1,47.0,0.0,15.6
2023-05-27 15:00:00,21.0,48.0,0.0,15.7
2023-05-27 16:00:00,20.6,51.0,0.0,14.4
2023-05-27 17:00:00,19.9,56.0,0.0,12.0
2023-05-27 18:00:00,18.7,61.0,0.0,10.7
2023-05-27 19:00:00,17.4,58.0,0.0,10.2
2023-05-27 20:00:00,16.1,63.0,0.0,9.2
2023-05-27 21:00:00,15.1,67.0,0.0,9.2
2023-05-27 22:00:00,14.3,69.0,0.0,9.8
2023-05-27 23:00:00,13.2,73.0,0.0,8.9
2023-05-28 00:00:00,12.3,77.0,0.0,6.6
2023-05-28 01:00:00,11.5,79.0,0.0,6.5
2023-05-28 02:00:00,10.8,82.0,0.0,6.5
2023-05-28 03:00:00,10.4,84.0,0.0,6.1
2023-05-28 04:00:00,10.3,85.0,0.0,6.3
2023-05-28 05:00:00,12.7,80.0,0.0,6.4
2023-05-28 06:00:00,15.1,70.0,0.0,5.6
2023-05-28 07:00:00,16.9,60.0,0.0,6.0
2023-05-28 08:00:00,18.2,57.0,0.0,6.6
2023-05-28 09:00:00,19.2,56.0,0.0,6.5
2023-05-28 10:00:00,20.2,54.0,0.0,3.6
2023-05-28 11:00:00,21.1,52.0,0.0,4.2
2023-05-28 12:00:00,21.3,52.0,0.0,5.4
2023-05-28 13:00:00,21.7,51.0,0.0,6.3
2023-05-28 14:00:00,21.7,51.0,0.0,7.0
2023-05-28 15:00:00,21.7,51.0,0.0,8.9
2023-05-28 16:00:00,21.4,53.0,0.0,9.2
2023-05-28 17:00:00,20.7,59.0,0.0,7.4
2023-05-28 18:00:00,19.9,65.0,0.0,6.3
2023-05-28 19:00:00,18.5,72.0,0.0,6.3
2023-05-28 20:00:00,16.8,80.0,0.0,5.6
2023-05-28 21:00:00,16.1,80.0,0.0,5.2
2023-05-28 22:00:00,15.1,83.0,0.0,7.0
2023-05-28 23:00:00,14.8,84.0,0.0,7.2
2023-05-29 00:00:00,14.2,86.0,0.0,6.8
2023-05-29 01:00:00,13.6,87.0,0.0,7.6
2023-05-29 02:00:00,12.9,89.0,0.0,6.8
2023-05-29 03:00:00,12.3,91.0,0.0,6.6
2023-05-29 04:00:00,12.0,92.0,0.0,6.6
2023-05-29 05:00:00,13.6,91.0,0.0,7.4
2023-05-29 06:00:00,17.3,77.0,0.0,6.5
2023-05-29 07:00:00,19.1,64.0,0.0,9.3
2023-05-29 08:00:00,20.4,54.0,0.0,11.8
2023-05-29 09:00:00,21.0,50.0,0.0,12.2
2023-05-29 10:00:00,21.6,47.0,0.0,10.2
2023-05-29 11:00:00,22.1,45.0,0.1,10.7
2023-05-29 12:00:00,22.1,45.0,0.0,12.6
2023-05-29 13:00:00,22.5,44.0,0.0,13.0
2023-05-29 14:00:00,22.7,43.0,0.0,11.9
2023-05-29 15:00:00,22.2,45.0,0.0,12.9
2023-05-29 16:00:00,21.9,47.0,0.0,12.3
2023-05-29 17:00:00,21.3,53.0,0.0,8.8
2023-05-29 18:00:00,20.2,58.0,0.0,5.9
2023-05-29 19:00:00,18.5,70.0,0.0,5.4
2023-05-29 20:00:00,17.3,72.0,0.0,5.4
2023-05-29 21:00:00,15.8,76.0,0.0,6.1
2023-05-29 22:00:00,14.8,79.0,0.0,7.2
2023-05-29 23:00:00,14.0,81.0,0.0,6.8
2023-05-30 00:00:00,13.4,83.0,0.0,4.1
2023-05-30 01:00:00,13.1,82.0,0.0,5.1
2023-05-30 02:00:00,12.8,82.0,0.0,6.6
2023-05-30 03:00:00,12.4,81.0,0.0,7.1
2023-05-30 04:00:00,12.1,83.0,0.0,8.6
2023-05-30 05:00:00,13.7,84.0,0.0,10.0
2023-05-30 06:00:00,17.1,68.0,0.0,9.0
2023-05-30 07:00:00,18.8,57.0,0.0,10.2
2023-05-30 08:00:00,20.1,51.0,0.0,11.4
2023-05-30 09:00:00,21.4,46.0,0.0,11.9
2023-05-30 10:00:00,22.2,42.0,0.0,10.9
2023-05-30 11:00:00,22.5,41.0,0.0,12.7
2023-05-30 12:00:00,22.4,40.0,0.0,13.0
2023-05-30 13:00:00,22.6,39.0,0.0,13.8
2023-05-30 14:00:00,22.3,40.0,0.1,15.3
2023-05-30 15:00:00,22.0,42.0,0.1,16.4
2023-05-30 16:00:00,21.5,44.0,0.0,13.5
2023-05-30 17:00:00,20.7,50.0,0.0,11.3
2023-05-30 18:00:00,19.5,54.0,0.0,10.5
2023-05-30 19:00:00,18.5,56.0,0.0,9.7
2023-05-30 20:00:00,17.7,58.0,0.0,10.3
2023-05-30 21:00:00,16.9,59.0,0.0,10.6
2023-05-30 22:00:00,16.4,60.0,0.0,12.6
2023-05-30 23:00:00,15.8,62.0,0.1,14.2
2023-05-31 00:00:00,15.1,65.0,0.0,12.5
2023-05-31 01:00:00,14.5,67.0,0.0,10.6
2023-05-31 02:00:00,14.1,69.0,0.0,10.2
2023-05-31 03:00:00,13.9,69.0,0.0,11.7
2023-05-31 04:00:00,13.6,72.0,0.3,11.3
2023-05-31 05:00:00,13.9,76.0,1.2,10.5
2023-05-31 06:00:00,14.9,73.0,1.4,9.8
2023-05-31 07:00:00,16.3,64.0,1.3,9.5
2023-05-31 08:00:00,16.9,66.0,1.5,10.0
2023-05-31 09:00:00,17.2,70.0,0.9,9.8
2023-05-31 10:00:00,17.5,72.0,1.4,9.3
2023-05-31 11:00:00,18.3,71.0,0.7,8.9
2023-05-31 12:00:00,18.5,71.0,0.8,9.0
2023-05-31 13:00:00,19.0,71.0,0.4,11.3
2023-05-31 14:00:00,19.7,68.0,0.2,11.1
2023-05-31 15:00:00,20.3,64.0,0.1,9.3
2023-05-31 16:00:00,20.3,64.0,0.0,8.2
2023-05-31 17:00:00,20.0,67.0,0.0,8.2
2023-05-31 18:00:00,19.2,71.0,0.0,5.1
2023-05-31 19:00:00,19.8,63.0,0.0,4.1
2023-05-31 20:00:00,17.8,76.0,0.0,4.3
2023-05-31 21:00:00,16.6,78.0,0.0,5.6
2023-05-31 22:00:00,16.1,78.0,0.0,5.6
2023-05-31 23:00:00,14.9,84.0,0.0,5.5
2023-06-01 00:00:00,14.3,86.0,0.0,5.1
2023-06-01 01:00:00,14.0,86.0,0.0,5.0
2023-06-01 02:00:00,13.8,85.0,0.0,5.8
2023-06-01 03:00:00,12.9,89.0,0.0,5.0
2023-06-01 04:00:00,12.7,90.0,0.0,4.5
2023-06-01 05:00:00,14.2,90.0,0.0,4.7
2023-06-01 06:00:00,17.6,77.0,0.0,3.7
2023-06-01 07:00:00,19.7,67.0,0.0,5.4
2023-06-01 08:00:00,20.9,59.0,0.0,6.4
2023-06-01 09:00:00,21.6,55.0,0.0,6.2
2023-06-01 10:00:00,22.6,53.0,0.0,5.0
2023-06-01 11:00:00,23.4,52.0,0.0,6.5
2023-06-01 12:00:00,24.0,50.0,0.0,6.9
2023-06-01 13:00:00,24.3,49.0,0.0,6.2
2023-06-01 14:00:00,24.3,49.0,0.0,6.8
2023-06-01 15:00:00,24.2,49.0,0.0,7.3
2023-06-01 16:00:00,23.7,50.0,0.1,7.7
2023-06-01 17:00:00,22.6,59.0,0.0,6.1
2023-06-01 18:00:00,21.3,66.0,0.0,4.0
2023-06-01 19:00:00,20.5,69.0,0.0,5.2
2023-06-01 20:00:00,19.6,70.0,0.0,5.5
2023-06-01 21:00:00,18.2,76.0,0.0,5.9
2023-06-01 22:00:00,17.2,81.0,0.0,3.3
2023-06-01 23:00:00,16.1,87.0,0.0,4.7
2023-06-02 00:00:00,15.4,89.0,0.0,4.2
2023-06-02 01:00:00,14.4,93.0,0.0,5.0
2023-06-02 02:00:00,13.9,94.0,0.0,5.2
2023-06-02 03:00:00,13.2,96.0,0.0,3.6
2023-06-02 04:00:00,13.2,96.0,0.0,3.3
2023-06-02 05:00:00,14.8,94.0,0.0,4.7
2023-06-02 06:00:00,18.6,82.0,0.0,3.8
2023-06-02 07:00:00,20.5,69.0,0.0,4.1
2023-06-02 08:00:00,22.1,62.0,0.0,2.3
2023-06-02 09:00:00,23.2,57.0,0.0,0.7
2023-06-02 10:00:00,24.1,53.0,0.0,1.8
2023-06-02 11:00:00,24.7,49.0,0.0,2.9
2023-06-02 12:00:00,25.1,46.0,0.0,5.5
2023-06-02 13:00:00,25.5,44.0,0.0,7.6
2023-06-02 14:00:00,25.5,42.0,0.0,13.0
2023-06-02 15:00:00,24.5,46.0,0.0,10.7
2023-06-02 16:00:00,22.4,59.0,0.1,8.9
2023-06-02 17:00:00,21.1,68.0,0.0,6.4
2023-06-02 18:00:00,20.3,74.0,0.0,4.7
2023-06-02 19:00:00,19.1,82.0,0.5,7.3
2023-06-02 20:00:00,19.3,76.0,0.1,7.1
2023-06-02 21:00:00,17.0,87.0,0.0,7.4
2023-06-02 22:00:00,16.7,86.0,0.0,8.3
2023-06-02 23:00:00,16.2,85.0,0.0,12.2
2023-06-03 00:00:00,15.8,83.0,0.0,13.0
2023-06-03 01:00:00,15.1,80.0,0.0,12.7
2023-06-03 02:00:00,14.3,81.0,0.0,11.9
2023-06-03 03:00:00,13.4,81.0,0.0,12.0
2023-06-03 04:00:00,13.3,79.0,0.0,12.9
2023-06-03 05:00:00,14.4,71.0,0.0,13.2
2023-06-03 06:00:00,14.9,66.0,0.0,14.8
2023-06-03 07:00:00,15.5,68.0,0.3,13.0
2023-06-03 08:00:00,16.3,64.0,0.4,12.3
2023-06-03 09:00:00,17.1,60.0,0.4,11.2
2023-06-03 10:00:00,18.1,55.0,0.1,8.4
2023-06-03 11:00:00,18.8,53.0,0.0,8.2
2023-06-03 12:00:00,19.2,52.0,0.0,7.7
2023-06-03 13:00:00,19.5,52.0,0.0,7.1
2023-06-03 14:00:00,19.6,52.0,0.0,6.0
2023-06-03 15:00:00,19.7,52.0,0.0,6.9
2023-06-03 16:00:00,19.4,53.0,0.0,6.5
2023-06-03 17:00:00,19.1,55.0,0.0,4.8
2023-06-03 18:00:00,18.5,63.0,0.0,3.0
2023-06-03 19:00:00,17.0,76.0,0.0,2.5
2023-06-03 20:00:00,15.9,78.0,0.0,3.5
2023-06-03 21:00:00,16.0,73.0,0.0,2.5
2023-06-03 22:00:00,16.8,66.0,0.0,1.8
2023-06-03 23:00:00,16.5,67.0,0.0,2.6
2023-06-04 00:00:00,15.1,77.0,0.0,2.9
2023-06-04 01:00:00,14.7,79.0,0.0,1.9
2023-06-04 02:00:00,14.7,79.0,0.0,3.0
2023-06-04 03:00:00,14.9,79.0,0.0,4.1
2023-06-04 04:00:00,14.6,81.0,0.0,2.5
2023-06-04 05:00:00,15.1,84.0,0.0,3.3
2023-06-04 06:00:00,16.4,75.0,0.0,3.6
2023-06-04 07:00:00,17.5,76.0,0.2,4.1
2023-06-04 08:00:00,18.3,75.0,0.0,4.7
2023-06-04 09:00:00,19.8,70.0,0.0,5.6
2023-06-04 10:00:00,21.3,65.0,0.0,7.6
2023-06-04 11:00:00,22.4,64.0,0.0,9.0
2023-06-04 12:00:00,22.6,64.0,0.0,9.2
2023-06-04 13:00:00,22.6,62.0,0.0,6.7
2023-06-04 14:00:00,22.6,62.0,0.0,5.7
2023-06-04 15:00:00,21.1,71.0,0.3,6.0
2023-06-04 16:00:00,20.1,80.0,0.8,3.6
2023-06-04 17:00:00,19.1,87.0,0.5,2.6
2023-06-04 18:00:00,18.4,91.0,0.4,2.5
2023-06-04 19:00:00,16.8,97.0,1.1,4.7
2023-06-04 20:00:00,16.0,98.0,0.8,5.9
2023-06-04 21:00:00,15.6,99.0,0.2,6.3
2023-06-04 22:00:00,15.3,99.0,0.1,9.9
2023-06-04 23:00:00,14.9,99.0,0.2,8.4
2023-06-05 00:00:00,14.9,95.0,0.4,8.7
2023-06-05 01:00:00,14.6,95.0,0.6,9.7
2023-06-05 02:00:00,14.1,99.0,0.3,10.2
2023-06-05 03:00:00,13.9,99.0,0.0,9.8
2023-06-05 04:00:00,13.8,99.0,0.3,9.3
2023-06-05 05:00:00,14.0,99.0,0.8,7.4
2023-06-05 06:00:00,14.3,99.0,1.1,7.0
2023-06-05 07:00:00,15.0,97.0,1.1,6.4
2023-06-05 08:00:00,15.4,99.0,1.1,7.5
2023-06-05 09:00:00,15.6,99.0,1.1,7.1
2023-06-05 10:00:00,15.9,99.0,1.2,4.6
2023-06-05 11:00:00,16.1,99.0,0.7,4.9
2023-06-05 12:00:00,16.1,98.0,0.7,4.7
2023-06-05 13:00:00,18.4,85.0,0.6,6.9
2023-06-05 14:00:00,17.2,96.0,0.6,6.8
2023-06-05 15:00:00,16.8,98.0,0.5,6.2
2023-06-05 16:00:00,16.5,98.0,0.8,5.6
2023-06-05 17:00:00,16.2,99.0,1.4,4.6
2023-06-05 18:00:00,15.8,99.0,0.9,3.4
2023-06-05 19:00:00,15.2,99.0,0.1,2.9
2023-06-05 20:00:00,14.6,99.0,0.1,4.0
2023-06-05 21:00:00,14.1,99.0,0.0,5.5
2023-06-05 22:00:00,13.6,100.0,0.0,6.4
2023-06-05 23:00:00,12.9,100.0,0.0,7.1
2023-06-06 00:00:00,13.3,99.0,0.0,5.4
2023-06-06 01:00:00,12.5,100.0,0.0,6.1
2023-06-06 02:00:00,12.4,100.0,0.0,4.6
2023-06-06 03:00:00,12.5,100.0,0.0,3.3
2023-06-06 04:00:00,12.8,100.0,0.0,1.8
2023-06-06 05:00:00,13.9,99.0,0.0,4.0
2023-06-06 06:00:00,15.3,92.0,0.0,3.2
2023-06-06 07:00:00,16.6,96.0,0.4,3.4
2023-06-06 08:00:00,17.2,92.0,0.2,3.9
2023-06-06 09:00:00,18.4,89.0,0.2,2.9
2023-06-06 10:00:00,19.1,87.0,0.3,1.9
2023-06-06 11:00:00,19.5,86.0,0.4,0.8
2023-06-06 12:00:00,19.7,85.0,0.5,2.7
2023-06-06 13:00:00,19.6,86.0,0.3,5.1
2023-06-06 14:00:00,19.9,86.0,0.3,4.0
2023-06-06 15:00:00,19.4,87.0,0.3,4.2
2023-06-06 16:00:00,19.0,88.0,0.1,3.6
2023-06-06 17:00:00,18.5,89.0,0.5,4.3
2023-06-06 18:00:00,18.2,93.0,0.8,3.2
2023-06-06 19:00:00,16.7,91.0,1.1,5.2
2023-06-06 20:00:00,16.3,92.0,0.1,3.2
2023-06-06 21:00:00,15.8,94.0,0.0,2.4
2023-06-06 22:00:00,15.0,95.0,0.0,3.6
2023-06-06 23:00:00,13.9,99.0,0.0,2.7
2023-06-07 00:00:00,13.5,97.0,0.0,4.0
2023-06-07 01:00:00,12.8,100.0,0.0,3.6
2023-06-07 02:00:00,12.3,100.0,0.0,2.9
2023-06-07 03:00:00,12.4,99.0,0.0,4.1
2023-06-07 04:00:00,12.4,99.0,0.0,5.8
2023-06-07 05:00:00,13.5,98.0,0.0,6.2
2023-06-07 06:00:00,15.8,98.0,0.0,5.5
2023-06-07 07:00:00,16.8,91.0,0.1,2.5
2023-06-07 08:00:00,18.6,83.0,0.0,1.6
2023-06-07 09:00:00,20.3,73.0,0.0,1.8
2023-06-07 10:00:00,21.1,66.0,0.0,0.8
2023-06-07 11:00:00,21.8,64.0,0.0,0.7
2023-06-07 12:00:00,22.1,63.0,0.1,4.5
2023-06-07 13:00:00,22.1,65.0,0.4,7.4
2023-06-07 14:00:00,22.0,66.0,0.5,8.0
2023-06-07 15:00:00,22.0,66.0,0.2,1.5
2023-06-07 16:00:00,21.8,67.0,0.1,2.3
2023-06-07 17:00:00,21.4,70.0,0.0,4.0
2023-06-07 18:00:00,20.1,85.0,0.0,6.8
2023-06-07 19:00:00,18.4,88.0,0.0,5.2
2023-06-07 20:00:00,18.0,88.0,0.0,4.3
2023-06-07 21:00:00,17.1,91.0,0.0,5.5
2023-06-07 22:00:00,16.2,93.0,0.0,3.6
2023-06-07 23:00:00,15.7,94.0,0.0,3.9
2023-06-08 00:00:00,15.0,98.0,0.0,2.2
2023-06-08 01:00:00,13.5,100.0,0.0,3.6
2023-06-08 02:00:00,13.3,100.0,0.0,2.9
2023-06-08 03:00:00,13.4,99.0,0.0,1.8
2023-06-08 04:00:00,13.7,100.0,0.0,1.4
2023-06-08 05:00:00,14.5,99.0,0.0,1.1
2023-06-08 06:00:00,15.7,98.0,0.0,1.6
2023-06-08 07:00:00,17.4,89.0,0.0,0.4
2023-06-08 08:00:00,19.2,83.0,0.1,1.8
2023-06-08 09:00:00,20.1,81.0,0.1,0.7
2023-06-08 10:00:00,21.2,79.0,0.2,0.4
2023-06-08 11:00:00,21.8,76.0,0.3,2.5
2023-06-08 12:00:00,21.9,72.0,0.3,3.7
2023-06-08 13:00:00,21.0,77.0,0.6,3.8
2023-06-08 14:00:00,20.5,78.0,1.9,1.8
2023-06-08 15:00:00,20.6,80.0,2.4,1.8
2023-06-08 16:00:00,21.0,78.0,0.4,2.0
2023-06-08 17:00:00,20.3,81.0,0.0,7.9
2023-06-08 18:00:00,19.3,84.0,0.2,4.4
2023-06-08 19:00:00,17.3,89.0,0.0,2.9
2023-06-08 20:00:00,16.0,94.0,0.0,3.5
2023-06-08 21:00:00,15.3,95.0,0.1,6.6
2023-06-08 22:00:00,15.9,93.0,0.2,4.2
2023-06-08 23:00:00,13.5,100.0,0.1,3.1
2023-06-09 00:00:00,13.3,99.0,0.0,4.9
2023-06-09 01:00:00,12.9,100.0,0.0,4.5
2023-06-09 02:00:00,12.3,99.0,0.0,4.6
2023-06-09 03:00:00,11.6,99.0,0.0,4.1
2023-06-09 04:00:00,11.7,98.0,0.0,4.1
2023-06-09 05:00:00,13.1,97.0,0.0,4.1
2023-06-09 06:00:00,14.8,97.0,0.0,4.5
2023-06-09 07:00:00,17.1,91.0,0.0,3.3
2023-06-09 08:00:00,18.9,84.0,0.1,2.9
2023-06-09 09:00:00,20.8,71.0,0.1,1.1
2023-06-09 10:00:00,21.7,64.0,0.1,4.9
2023-06-09 11:00:00,22.4,61.0,0.1,5.2
2023-06-09 12:00:00,22.8,60.0,0.0,4.9
2023-06-09 13:00:00,23.0,60.0,0.0,5.8
2023-06-09 14:00:00,22.7,61.0,0.0,6.2
2023-06-09 15:00:00,22.0,65.0,0.9,4.0
2023-06-09 16:00:00,21.4,69.0,0.3,4.6
2023-06-09 17:00:00,20.9,73.0,0.1,3.2
2023-06-09 18:00:00,20.3,79.0,0.0,1.5
2023-06-09 19:00:00,18.9,86.0,0.0,2.9
2023-06-09 20:00:00,18.0,89.0,0.3,1.9
2023-06-09 21:00:00,18.5,86.0,0.1,0.4
2023-06-09 22:00:00,16.9,91.0,0.0,3.7
2023-06-09 23:00:00,15.6,94.0,0.0,5.1
2023-06-10 00:00:00,17.1,91.0,0.0,5.1
2023-06-10 01:00:00,16.8,92.0,0.0,4.2
2023-06-10 02:00:00,16.7,93.0,0.0,4.7
2023-06-10 03:00:00,15.7,95.0,0.0,4.5
2023-06-10 04:00:00,15.6,95.0,0.0,4.8
2023-06-10 05:00:00,16.6,96.0,0.0,4.8
2023-06-10 06:00:00,18.0,88.0,0.0,5.4
2023-06-10 07:00:00,18.5,90.0,0.1,6.4
2023-06-10 08:00:00,19.1,89.0,0.1,5.6
2023-06-10 09:00:00,20.1,85.0,0.1,5.8
2023-06-10 10:00:00,21.3,79.0,0.2,6.6
2023-06-10 11:00:00,21.6,73.0,0.2,6.8
2023-06-10 12:00:00,21.2,72.0,0.2,8.4
2023-06-10 13:00:00,21.7,71.0,0.1,12.4
2023-06-10 14:00:00,19.7,81.0,3.7,11.3
2023-06-10 15:00:00,19.9,83.0,0.6,10.0
2023-06-10 16:00:00,20.1,83.0,0.0,7.2
2023-06-10 17:00:00,19.7,84.0,0.0,5.4
2023-06-10 18:00:00,19.4,85.0,0.0,5.5
2023-06-10 19:00:00,18.3,89.0,0.3,7.2
2023-06-10 20:00:00,17.6,91.0,0.1,5.8
2023-06-10 21:00:00,17.1,91.0,0.1,4.9
2023-06-10 22:00:00,16.8,92.0,0.4,8.8
2023-06-10 23:00:00,16.5,94.0,0.6,6.4
2023-06-11 00:00:00,16.3,94.0,0.4,8.4
2023-06-11 01:00:00,15.8,99.0,0.4,7.9
2023-06-11 02:00:00,15.8,98.0,0.6,10.9
2023-06-11 03:00:00,15.8,98.0,1.1,10.4
2023-06-11 04:00:00,15.8,98.0,1.6,10.0
2023-06-11 05:00:00,15.9,98.0,1.2,10.5
2023-06-11 06:00:00,16.1,98.0,0.6,10.5
2023-06-11 07:00:00,16.8,92.0,1.1,13.0
2023-06-11 08:00:00,17.6,88.0,0.3,13.8
2023-06-11 09:00:00,18.2,86.0,0.4,12.0
2023-06-11 10:00:00,20.2,82.0,0.3,11.0
2023-06-11 11:00:00,21.3,73.0,0.4,13.4
2023-06-11 12:00:00,21.4,70.0,0.2,14.7
2023-06-11 13:00:00,21.7,69.0,0.2,14.0
2023-06-11 14:00:00,21.2,72.0,1.3,15.3
2023-06-11 15:00:00,21.7,68.0,0.0,14.5
2023-06-11 16:00:00,21.5,68.0,0.0,14.5
2023-06-11 17:00:00,20.9,68.0,2.1,14.3
2023-06-11 18:00:00,19.7,72.0,0.6,10.2
2023-06-11 19:00:00,18.9,76.0,0.0,10.9
2023-06-11 20:00:00,18.1,78.0,0.0,10.9
2023-06-11 21:00:00,17.4,80.0,0.0,10.2
2023-06-11 22:00:00,16.8,82.0,0.4,9.9
2023-06-11 23:00:00,16.5,84.0,0.4,10.0
2023-06-12 00:00:00,16.3,84.0,0.1,8.0
2023-06-12 01:00:00,16.3,85.0,0.0,7.6
2023-06-12 02:00:00,16.1,86.0,0.0,7.2
2023-06-12 03:00:00,15.8,86.0,0.0,7.2
2023-06-12 04:00:00,15.8,87.0,0.0,8.7
2023-06-12 05:00:00,16.2,88.0,0.0,8.9
2023-06-12 06:00:00,16.9,83.0,0.0,9.5
2023-06-12 07:00:00,17.9,78.0,0.0,10.7
2023-06-12 08:00:00,18.4,74.0,0.0,11.6
2023-06-12 09:00:00,19.2,70.0,0.1,11.5
2023-06-12 10:00:00,19.7,67.0,0.1,4.9
2023-06-12 11:00:00,20.5,66.0,0.1,9.2
2023-06-12 12:00:00,20.9,63.0,0.0,13.2
2023-06-12 13:00:00,21.3,61.0,0.0,13.7
2023-06-12 14:00:00,21.4,58.0,0.0,14.4
2023-06-12 15:00:00,21.3,55.0,0.0,14.6
2023-06-12 16:00:00,20.8,54.0,0.0,14.3
2023-06-12 17:00:00,20.3,56.0,0.0,12.0
2023-06-12 18:00:00,19.3,60.0,0.0,9.2
2023-06-12 19:00:00,18.1,67.0,0.0,7.2
2023-06-12 20:00:00,17.0,75.0,0.0,6.2
2023-06-12 21:00:00,16.8,75.0,0.0,6.6
2023-06-12 22:00:00,16.5,70.0,0.0,8.0
2023-06-12 23:00:00,15.7,73.0,0.0,8.9
2023-06-13 00:00:00,14.9,74.0,0.0,8.6
2023-06-13 01:00:00,14.3,74.0,0.0,7.0
2023-06-13 02:00:00,13.4,77.0,0.0,6.6
2023-06-13 03:00:00,12.6,79.0,0.0,7.1
2023-06-13 04:00:00,12.4,80.0,0.0,7.4
2023-06-13 05:00:00,13.8,75.0,0.0,7.5
2023-06-13 06:00:00,14.6,71.0,0.0,7.2
2023-06-13 07:00:00,15.8,71.0,0.0,5.8
2023-06-13 08:00:00,17.2,65.0,0.0,5.8
2023-06-13 09:00:00,18.3,60.0,0.0,6.5
2023-06-13 10:00:00,18.9,57.0,0.0,2.6
2023-06-13 11:00:00,19.0,56.0,0.0,5.1
2023-06-13 12:00:00,19.6,53.0,0.0,6.8
2023-06-13 13:00:00,19.5,52.0,0.0,8.3
2023-06-13 14:00:00,19.6,51.0,0.0,8.7
2023-06-13 15:00:00,19.6,50.0,0.0,8.8
2023-06-13 16:00:00,19.1,54.0,0.0,8.4
2023-06-13 17:00:00,18.6,59.0,0.0,7.6
2023-06-13 18:00:00,18.0,65.0,0.0,7.6
2023-06-13 19:00:00,17.5,66.0,0.0,7.6
2023-06-13 20:00:00,16.2,75.0,0.0,6.6
2023-06-13 21:00:00,15.7,78.0,0.0,6.0
2023-06-13 22:00:00,15.1,79.0,0.0,2.7
2023-06-13 23:00:00,14.6,78.0,0.0,4.2
2023-06-14 00:00:00,14.0,78.0,0.0,4.1
2023-06-14 01:00:00,12.9,83.0,0.0,4.6
2023-06-14 02:00:00,12.5,86.0,0.0,4.2
2023-06-14 03:00:00,11.6,88.0,0.0,4.2
2023-06-14 04:00:00,11.5,90.0,0.0,4.9
2023-06-14 05:00:00,13.9,85.0,0.1,4.1
2023-06-14 06:00:00,15.2,80.0,0.1,4.3
2023-06-14 07:00:00,15.6,80.0,1.4,5.2
2023-06-14 08:00:00,16.0,81.0,0.5,6.4
2023-06-14 09:00:00,16.2,83.0,0.7,6.4
2023-06-14 10:00:00,16.5,85.0,0.3,7.8
2023-06-14 11:00:00,16.8,87.0,0.2,9.4
2023-06-14 12:00:00,17.3,85.0,0.2,10.9
2023-06-14 13:00:00,17.9,82.0,0.2,10.9
2023-06-14 14:00:00,17.7,83.0,0.1,10.2
2023-06-14 15:00:00,18.4,80.0,0.0,9.7
2023-06-14 16:00:00,18.0,78.0,0.0,9.7
2023-06-14 17:00:00,17.9,78.0,0.0,8.2
2023-06-14 18:00:00,17.2,82.0,0.0,7.6
2023-06-14 19:00:00,16.5,77.0,0.0,8.6
2023-06-14 20:00:00,15.6,82.0,0.0,8.0
2023-06-14 21:00:00,14.9,84.0,0.0,8.0
2023-06-14 22:00:00,14.4,85.0,0.0,7.6
2023-06-14 23:00:00,13.8,88.0,0.0,5.6
2023-06-15 00:00:00,12.7,92.0,0.0,5.0
2023-06-15 01:00:00,12.2,93.0,0.0,5.1
2023-06-15 02:00:00,11.5,95.0,0.0,5.1
2023-06-15 03:00:00,11.3,95.0,0.0,5.1
2023-06-15 04:00:00,11.4,96.0,0.0,5.5
2023-06-15 05:00:00,13.4,91.0,0.0,6.9
2023-06-15 06:00:00,15.8,81.0,0.0,7.6
2023-06-15 07:00:00,17.5,69.0,0.0,9.0
2023-06-15 08:00:00,18.7,62.0,0.0,9.3
2023-06-15 09:00:00,19.7,57.0,0.0,8.9
2023-06-15 10:00:00,20.5,54.0,0.0,8.4
2023-06-15 11:00:00,20.8,53.0,0.0,8.9
2023-06-15 12:00:00,21.4,51.0,0.1,9.5
2023-06-15 13:00:00,21.3,50.0,0.0,10.9
2023-06-15 14:00:00,21.4,50.0,0.0,11.7
2023-06-15 15:00:00,21.4,50.0,0.0,11.8
2023-06-15 16:00:00,21.0,52.0,0.0,10.0
2023-06-15 17:00:00,20.2,58.0,0.0,8.4
2023-06-15 18:00:00,19.5,65.0,0.0,7.6
2023-06-15 19:00:00,18.8,66.0,0.0,7.6
2023-06-15 20:00:00,17.3,74.0,0.0,7.6
2023-06-15 21:00:00,16.1,77.0,0.0,7.2
2023-06-15 22:00:00,15.3,79.0,0.0,7.6
2023-06-15 23:00:00,14.4,81.0,0.0,6.4
2023-06-16 00:00:00,13.4,85.0,0.0,7.4
2023-06-16 01:00:00,12.5,88.0,0.0,8.7
2023-06-16 02:00:00,11.8,91.0,0.0,8.8
2023-06-16 03:00:00,11.2,93.0,0.0,8.4
2023-06-16 04:00:00,11.1,94.0,0.0,9.2
2023-06-16 05:00:00,13.5,91.0,0.0,8.7
2023-06-16 06:00:00,17.2,76.0,0.0,6.5
2023-06-16 07:00:00,19.6,63.0,0.0,9.0
2023-06-16 08:00:00,20.7,53.0,0.0,13.8
2023-06-16 09:00:00,21.3,51.0,0.1,16.2
2023-06-16 10:00:00,21.7,50.0,0.0,12.8
2023-06-16 11:00:00,22.3,49.0,0.0,15.1
2023-06-16 12:00:00,22.9,50.0,0.0,15.1
2023-06-16 13:00:00,23.2,49.0,0.0,14.4
2023-06-16 14:00:00,23.4,49.0,0.0,13.8
2023-06-16 15:00:00,23.2,47.0,0.0,12.3
2023-06-16 16:00:00,22.0,53.0,0.0,10.2
2023-06-16 17:00:00,21.0,63.0,0.0,7.1
2023-06-16 18:00:00,19.9,72.0,0.0,4.6
2023-06-16 19:00:00,18.7,68.0,0.0,7.1
2023-06-16 20:00:00,16.9,71.0,0.2,5.9
2023-06-16 21:00:00,15.7,74.0,0.0,6.1
2023-06-16 22:00:00,14.9,76.0,0.0,6.9
2023-06-16 23:00:00,13.9,79.0,0.0,6.3
2023-06-17 00:00:00,13.1,81.0,0.0,6.6
2023-06-17 01:00:00,12.3,83.0,0.0,6.1
2023-06-17 02:00:00,11.8,85.0,0.0,6.4
2023-06-17 03:00:00,11.4,85.0,0.0,5.8
2023-06-17 04:00:00,11.6,87.0,0.0,4.9
2023-06-17 05:00:00,14.3,87.0,0.0,4.9
2023-06-17 06:00:00,17.5,73.0,0.0,3.1
2023-06-17 07:00:00,19.5,63.0,0.0,3.4
2023-06-17 08:00:00,21.0,53.0,0.0,7.2
2023-06-17 09:00:00,21.4,52.0,0.1,10.9
2023-06-17 10:00:00,21.6,51.0,0.0,1.8
2023-06-17 11:00:00,22.5,49.0,0.0,2.6
2023-06-17 12:00:00,23.0,46.0,0.0,2.9
2023-06-17 13:00:00,23.7,45.0,0.0,4.0
2023-06-17 14:00:00,23.9,42.0,0.0,3.2
2023-06-17 15:00:00,23.8,42.0,0.0,3.9
2023-06-17 16:00:00,23.8,43.0,0.0,4.3
2023-06-17 17:00:00,23.6,47.0,0.0,3.3
2023-06-17 18:00:00,22.1,61.0,0.0,4.4
2023-06-17 19:00:00,20.0,72.0,0.0,5.0
2023-06-17 20:00:00,18.2,76.0,0.0,4.9
2023-06-17 21:00:00,17.0,79.0,0.0,5.1
2023-06-17 22:00:00,16.1,82.0,0.0,3.9
2023-06-17 23:00:00,15.4,83.0,0.0,3.8
2023-06-18 00:00:00,15.151929012345681,76.87885802469135,0.16736111111111113,8.008641975308642
2023-06-18 01:00:00,15.151929012345681,76.87885802469135,0.16736111111111113,8.008641975308642
2023-06-18 02:00:00,15.151929012345681,76.87885802469135,0.16736111111111113,8.008641975308642
2023-06-18 03:00:00,15.151929012345681,76.87885802469135,0.16736111111111113,8.008641975308642
2023-06-18 04:00:00,15.151929012345681,76.87885802469135,0.16736111111111113,8.008641975308642
2023-06-18 05:00:00,15.151929012345681,76.87885802469135,0.16736111111111113,8.008641975308642
2023-06-18 06:00:00,15.151929012345681,76.87885802469135,0.16736111111111113,8.008641975308642
2023-06-18 07:00:00,15.151929012345681,76.87885802469135,0.16736111111111113,8.008641975308642
2023-06-18 08:00:00,15.151929012345681,76.87885802469135,0.16736111111111113,8.008641975308642
2023-06-18 09:00:00,15.151929012345681,76.87885802469135,0.16736111111111113,8.008641975308642
2023-06-18 10:00:00,15.151929012345681,76.87885802469135,0.16736111111111113,8.008641975308642
2023-06-18 11:00:00,15.151929012345681,76.87885802469135,0.16736111111111113,8.008641975308642
2023-06-18 12:00:00,15.151929012345681,76.87885802469135,0.16736111111111113,8.008641975308642
2023-06-18 13:00:00,15.151929012345681,76.87885802469135,0.16736111111111113,8.008641975308642
2023-06-18 14:00:00,15.151929012345681,76.87885802469135,0.16736111111111113,8.008641975308642
2023-06-18 15:00:00,15.151929012345681,76.87885802469135,0.16736111111111113,8.008641975308642
2023-06-18 16:00:00,15.151929012345681,76.87885802469135,0.16736111111111113,8.008641975308642
2023-06-18 17:00:00,15.151929012345681,76.87885802469135,0.16736111111111113,8.008641975308642
2023-06-18 18:00:00,15.151929012345681,76.87885802469135,0.16736111111111113,8.008641975308642
2023-06-18 19:00:00,15.151929012345681,76.87885802469135,0.16736111111111113,8.008641975308642
2023-06-18 20:00:00,15.151929012345681,76.87885802469135,0.16736111111111113,8.008641975308642
2023-06-18 21:00:00,15.151929012345681,76.87885802469135,0.16736111111111113,8.008641975308642
2023-06-18 22:00:00,15.151929012345681,76.87885802469135,0.16736111111111113,8.008641975308642
2023-06-18 23:00:00,15.151929012345681,76.87885802469135,0.16736111111111113,8.008641975308642
2023-06-19 00:00:00,15.151929012345681,76.87885802469135,0.16736111111111113,8.008641975308642
2023-06-19 01:00:00,15.151929012345681,76.87885802469135,0.16736111111111113,8.008641975308642
2023-06-19 02:00:00,15.151929012345681,76.87885802469135,0.16736111111111113,8.008641975308642
2023-06-19 03:00:00,15.151929012345681,76.87885802469135,0.16736111111111113,8.008641975308642
2023-06-19 04:00:00,15.151929012345681,76.87885802469135,0.16736111111111113,8.008641975308642
2023-06-19 05:00:00,15.151929012345681,76.87885802469135,0.16736111111111113,8.008641975308642
2023-06-19 06:00:00,15.151929012345681,76.87885802469135,0.16736111111111113,8.008641975308642
2023-06-19 07:00:00,15.151929012345681,76.87885802469135,0.16736111111111113,8.008641975308642
2023-06-19 08:00:00,15.151929012345681,76.87885802469135,0.16736111111111113,8.008641975308642
2023-06-19 09:00:00,15.151929012345681,76.87885802469135,0.16736111111111113,8.008641975308642
2023-06-19 10:00:00,15.151929012345681,76.87885802469135,0.16736111111111113,8.008641975308642
2023-06-19 11:00:00,15.151929012345681,76.87885802469135,0.16736111111111113,8.008641975308642
2023-06-19 12:00:00,15.151929012345681,76.87885802469135,0.16736111111111113,8.008641975308642
2023-06-19 13:00:00,15.151929012345681,76.87885802469135,0.16736111111111113,8.008641975308642
2023-06-19 14:00:00,15.151929012345681,76.87885802469135,0.16736111111111113,8.008641975308642
2023-06-19 15:00:00,15.151929012345681,76.87885802469135,0.16736111111111113,8.008641975308642
2023-06-19 16:00:00,15.151929012345681,76.87885802469135,0.16736111111111113,8.008641975308642
2023-06-19 17:00:00,15.151929012345681,76.87885802469135,0.16736111111111113,8.008641975308642
2023-06-19 18:00:00,15.151929012345681,76.87885802469135,0.16736111111111113,8.008641975308642
2023-06-19 19:00:00,15.151929012345681,76.87885802469135,0.16736111111111113,8.008641975308642
2023-06-19 20:00:00,15.151929012345681,76.87885802469135,0.16736111111111113,8.008641975308642
2023-06-19 21:00:00,15.151929012345681,76.87885802469135,0.16736111111111113,8.008641975308642
2023-06-19 22:00:00,15.151929012345681,76.87885802469135,0.16736111111111113,8.008641975308642
2023-06-19 23:00:00,15.151929012345681,76.87885802469135,0.16736111111111113,8.008641975308642
2023-06-20 00:00:00,15.151929012345681,76.87885802469135,0.16736111111111113,8.008641975308642
2023-06-20 01:00:00,15.151929012345681,76.87885802469135,0.16736111111111113,8.008641975308642
2023-06-20 02:00:00,15.151929012345681,76.87885802469135,0.16736111111111113,8.008641975308642
2023-06-20 03:00:00,15.151929012345681,76.87885802469135,0.16736111111111113,8.008641975308642
2023-06-20 04:00:00,15.151929012345681,76.87885802469135,0.16736111111111113,8.008641975308642
2023-06-20 05:00:00,15.151929012345681,76.87885802469135,0.16736111111111113,8.008641975308642
2023-06-20 06:00:00,15.151929012345681,76.87885802469135,0.16736111111111113,8.008641975308642
2023-06-20 07:00:00,15.151929012345681,76.87885802469135,0.16736111111111113,8.008641975308642
2023-06-20 08:00:00,15.151929012345681,76.87885802469135,0.16736111111111113,8.008641975308642
2023-06-20 09:00:00,15.151929012345681,76.87885802469135,0.16736111111111113,8.008641975308642
2023-06-20 10:00:00,15.151929012345681,76.87885802469135,0.16736111111111113,8.008641975308642
2023-06-20 11:00:00,15.151929012345681,76.87885802469135,0.16736111111111113,8.008641975308642
2023-06-20 12:00:00,15.151929012345681,76.87885802469135,0.16736111111111113,8.008641975308642
2023-06-20 13:00:00,15.151929012345681,76.87885802469135,0.16736111111111113,8.008641975308642
2023-06-20 14:00:00,15.151929012345681,76.87885802469135,0.16736111111111113,8.008641975308642
2023-06-20 15:00:00,15.151929012345681,76.87885802469135,0.16736111111111113,8.008641975308642
2023-06-20 16:00:00,15.151929012345681,76.87885802469135,0.16736111111111113,8.008641975308642
2023-06-20 17:00:00,15.151929012345681,76.87885802469135,0.16736111111111113,8.008641975308642
2023-06-20 18:00:00,15.151929012345681,76.87885802469135,0.16736111111111113,8.008641975308642
2023-06-20 19:00:00,15.151929012345681,76.87885802469135,0.16736111111111113,8.008641975308642
2023-06-20 20:00:00,15.151929012345681,76.87885802469135,0.16736111111111113,8.008641975308642
2023-06-20 21:00:00,15.151929012345681,76.87885802469135,0.16736111111111113,8.008641975308642
2023-06-20 22:00:00,15.151929012345681,76.87885802469135,0.16736111111111113,8.008641975308642
2023-06-20 23:00:00,15.151929012345681,76.87885802469135,0.16736111111111113,8.008641975308642
2023-06-21 00:00:00,15.151929012345681,76.87885802469135,0.16736111111111113,8.008641975308642
2023-06-21 01:00:00,15.151929012345681,76.87885802469135,0.16736111111111113,8.008641975308642
2023-06-21 02:00:00,15.151929012345681,76.87885802469135,0.16736111111111113,8.008641975308642
2023-06-21 03:00:00,15.151929012345681,76.87885802469135,0.16736111111111113,8.008641975308642
2023-06-21 04:00:00,15.151929012345681,76.87885802469135,0.16736111111111113,8.008641975308642
2023-06-21 05:00:00,15.151929012345681,76.87885802469135,0.16736111111111113,8.008641975308642
2023-06-21 06:00:00,15.151929012345681,76.87885802469135,0.16736111111111113,8.008641975308642
2023-06-21 07:00:00,15.151929012345681,76.87885802469135,0.16736111111111113,8.008641975308642
2023-06-21 08:00:00,15.151929012345681,76.87885802469135,0.16736111111111113,8.008641975308642
2023-06-21 09:00:00,15.151929012345681,76.87885802469135,0.16736111111111113,8.008641975308642
2023-06-21 10:00:00,15.151929012345681,76.87885802469135,0.16736111111111113,8.008641975308642
2023-06-21 11:00:00,15.151929012345681,76.87885802469135,0.16736111111111113,8.008641975308642
2023-06-21 12:00:00,15.151929012345681,76.87885802469135,0.16736111111111113,8.008641975308642
2023-06-21 13:00:00,15.151929012345681,76.87885802469135,0.16736111111111113,8.008641975308642
2023-06-21 14:00:00,15.151929012345681,76.87885802469135,0.16736111111111113,8.008641975308642
2023-06-21 15:00:00,15.151929012345681,76.87885802469135,0.16736111111111113,8.008641975308642
2023-06-21 16:00:00,15.151929012345681,76.87885802469135,0.16736111111111113,8.008641975308642
2023-06-21 17:00:00,15.151929012345681,76.87885802469135,0.16736111111111113,8.008641975308642
2023-06-21 18:00:00,15.151929012345681,76.87885802469135,0.16736111111111113,8.008641975308642
2023-06-21 19:00:00,15.151929012345681,76.87885802469135,0.16736111111111113,8.008641975308642
2023-06-21 20:00:00,15.151929012345681,76.87885802469135,0.16736111111111113,8.008641975308642
2023-06-21 21:00:00,15.151929012345681,76.87885802469135,0.16736111111111113,8.008641975308642
2023-06-21 22:00:00,15.151929012345681,76.87885802469135,0.16736111111111113,8.008641975308642
2023-06-21 23:00:00,15.151929012345681,76.87885802469135,0.16736111111111113,8.008641975308642
2023-06-22 00:00:00,15.151929012345681,76.87885802469135,0.16736111111111113,8.008641975308642
2023-06-22 01:00:00,15.151929012345681,76.87885802469135,0.16736111111111113,8.008641975308642
2023-06-22 02:00:00,15.151929012345681,76.87885802469135,0.16736111111111113,8.008641975308642
2023-06-22 03:00:00,15.151929012345681,76.87885802469135,0.16736111111111113,8.008641975308642
2023-06-22 04:00:00,15.151929012345681,76.87885802469135,0.16736111111111113,8.008641975308642
2023-06-22 05:00:00,15.151929012345681,76.87885802469135,0.16736111111111113,8.008641975308642
2023-06-22 06:00:00,15.151929012345681,76.87885802469135,0.16736111111111113,8.008641975308642
2023-06-22 07:00:00,15.151929012345681,76.87885802469135,0.16736111111111113,8.008641975308642
2023-06-22 08:00:00,15.151929012345681,76.87885802469135,0.16736111111111113,8.008641975308642
2023-06-22 09:00:00,15.151929012345681,76.87885802469135,0.16736111111111113,8.008641975308642
2023-06-22 10:00:00,15.151929012345681,76.87885802469135,0.16736111111111113,8.008641975308642
2023-06-22 11:00:00,15.151929012345681,76.87885802469135,0.16736111111111113,8.008641975308642
2023-06-22 12:00:00,15.151929012345681,76.87885802469135,0.16736111111111113,8.008641975308642
2023-06-22 13:00:00,15.151929012345681,76.87885802469135,0.16736111111111113,8.008641975308642
2023-06-22 14:00:00,15.151929012345681,76.87885802469135,0.16736111111111113,8.008641975308642
2023-06-22 15:00:00,15.151929012345681,76.87885802469135,0.16736111111111113,8.008641975308642
2023-06-22 16:00:00,15.151929012345681,76.87885802469135,0.16736111111111113,8.008641975308642
2023-06-22 17:00:00,15.151929012345681,76.87885802469135,0.16736111111111113,8.008641975308642
2023-06-22 18:00:00,15.151929012345681,76.87885802469135,0.16736111111111113,8.008641975308642
2023-06-22 19:00:00,15.151929012345681,76.87885802469135,0.16736111111111113,8.008641975308642
2023-06-22 20:00:00,15.151929012345681,76.87885802469135,0.16736111111111113,8.008641975308642
2023-06-22 21:00:00,15.151929012345681,76.87885802469135,0.16736111111111113,8.008641975308642
2023-06-22 22:00:00,15.151929012345681,76.87885802469135,0.16736111111111113,8.008641975308642
2023-06-22 23:00:00,15.151929012345681,76.87885802469135,0.16736111111111113,8.008641975308642
2023-06-23 00:00:00,15.151929012345681,76.87885802469135,0.16736111111111113,8.008641975308642
2023-06-23 01:00:00,15.151929012345681,76.87885802469135,0.16736111111111113,8.008641975308642
2023-06-23 02:00:00,15.151929012345681,76.87885802469135,0.16736111111111113,8.008641975308642
2023-06-23 03:00:00,15.151929012345681,76.87885802469135,0.16736111111111113,8.008641975308642
2023-06-23 04:00:00,15.151929012345681,76.87885802469135,0.16736111111111113,8.008641975308642
2023-06-23 05:00:00,15.151929012345681,76.87885802469135,0.16736111111111113,8.008641975308642
2023-06-23 06:00:00,15.151929012345681,76.87885802469135,0.16736111111111113,8.008641975308642
2023-06-23 07:00:00,15.151929012345681,76.87885802469135,0.16736111111111113,8.008641975308642
2023-06-23 08:00:00,15.151929012345681,76.87885802469135,0.16736111111111113,8.008641975308642
2023-06-23 09:00:00,15.151929012345681,76.87885802469135,0.16736111111111113,8.008641975308642
2023-06-23 10:00:00,15.151929012345681,76.87885802469135,0.16736111111111113,8.008641975308642
2023-06-23 11:00:00,15.151929012345681,76.87885802469135,0.16736111111111113,8.008641975308642
2023-06-23 12:00:00,15.151929012345681,76.87885802469135,0.16736111111111113,8.008641975308642
2023-06-23 13:00:00,15.151929012345681,76.87885802469135,0.16736111111111113,8.008641975308642
2023-06-23 14:00:00,15.151929012345681,76.87885802469135,0.16736111111111113,8.008641975308642
2023-06-23 15:00:00,15.151929012345681,76.87885802469135,0.16736111111111113,8.008641975308642
2023-06-23 16:00:00,15.151929012345681,76.87885802469135,0.16736111111111113,8.008641975308642
2023-06-23 17:00:00,15.151929012345681,76.87885802469135,0.16736111111111113,8.008641975308642
2023-06-23 18:00:00,15.151929012345681,76.87885802469135,0.16736111111111113,8.008641975308642
2023-06-23 19:00:00,15.151929012345681,76.87885802469135,0.16736111111111113,8.008641975308642
2023-06-23 20:00:00,15.151929012345681,76.87885802469135,0.16736111111111113,8.008641975308642
2023-06-23 21:00:00,15.151929012345681,76.87885802469135,0.16736111111111113,8.008641975308642
2023-06-23 22:00:00,15.151929012345681,76.87885802469135,0.16736111111111113,8.008641975308642
2023-06-23 23:00:00,15.151929012345681,76.87885802469135,0.16736111111111113,8.008641975308642
2023-06-24 00:00:00,15.151929012345681,76.87885802469135,0.16736111111111113,8.008641975308642
2023-06-24 01:00:00,15.151929012345681,76.87885802469135,0.16736111111111113,8.008641975308642
2023-06-24 02:00:00,15.151929012345681,76.87885802469135,0.16736111111111113,8.008641975308642
2023-06-24 03:00:00,15.151929012345681,76.87885802469135,0.16736111111111113,8.008641975308642
2023-06-24 04:00:00,15.151929012345681,76.87885802469135,0.16736111111111113,8.008641975308642
2023-06-24 05:00:00,15.151929012345681,76.87885802469135,0.16736111111111113,8.008641975308642
2023-06-24 06:00:00,15.151929012345681,76.87885802469135,0.16736111111111113,8.008641975308642
2023-06-24 07:00:00,15.151929012345681,76.87885802469135,0.16736111111111113,8.008641975308642
2023-06-24 08:00:00,15.151929012345681,76.87885802469135,0.16736111111111113,8.008641975308642
2023-06-24 09:00:00,15.151929012345681,76.87885802469135,0.16736111111111113,8.008641975308642
2023-06-24 10:00:00,15.151929012345681,76.87885802469135,0.16736111111111113,8.008641975308642
2023-06-24 11:00:00,15.151929012345681,76.87885802469135,0.16736111111111113,8.008641975308642
2023-06-24 12:00:00,15.151929012345681,76.87885802469135,0.16736111111111113,8.008641975308642
2023-06-24 13:00:00,15.151929012345681,76.87885802469135,0.16736111111111113,8.008641975308642
2023-06-24 14:00:00,15.151929012345681,76.87885802469135,0.16736111111111113,8.008641975308642
2023-06-24 15:00:00,15.151929012345681,76.87885802469135,0.16736111111111113,8.008641975308642
2023-06-24 16:00:00,15.151929012345681,76.87885802469135,0.16736111111111113,8.008641975308642
2023-06-24 17:00:00,15.151929012345681,76.87885802469135,0.16736111111111113,8.008641975308642
2023-06-24 18:00:00,15.151929012345681,76.87885802469135,0.16736111111111113,8.008641975308642
2023-06-24 19:00:00,15.151929012345681,76.87885802469135,0.16736111111111113,8.008641975308642
2023-06-24 20:00:00,15.151929012345681,76.87885802469135,0.16736111111111113,8.008641975308642
2023-06-24 21:00:00,15.151929012345681,76.87885802469135,0.16736111111111113,8.008641975308642
2023-06-24 22:00:00,15.151929012345681,76.87885802469135,0.16736111111111113,8.008641975308642
2023-06-24 23:00:00,15.151929012345681,76.87885802469135,0.16736111111111113,8.008641975308642
